Drawing,Date,1st ball,2nd ball,3rd ball,4th ball,5th ball,6th ball
1,1996-03-11,41,5,4,52,30,33
2,1996-03-18,9,39,37,49,43,41
3,1996-03-25,36,30,10,11,29,47
4,1996-04-01,6,59,42,27,1,5
5,1996-04-08,1,19,46,6,16,2
6,1996-04-15,19,40,7,13,22,47
7,1996-04-22,56,38,21,20,3,5
8,1996-04-29,53,17,38,4,47,37
9,1996-05-06,55,43,56,54,8,60
10,1996-05-13,25,4,18,57,21,38
11,1996-05-20,25,15,58,37,59,38
12,1996-05-27,20,27,43,16,19,4
13,1996-06-03,47,32,50,54,18,56
14,1996-06-10,16,2,27,47,23,53
15,1996-06-17,60,12,33,52,35,51
16,1996-06-24,60,58,49,32,20,34
17,1996-07-01,10,20,6,19,51,13
18,1996-07-08,37,36,56,27,42,23
19,1996-07-15,5,25,12,10,60,24
20,1996-07-22,25,28,30,33,51,11
21,1996-07-29,49,46,6,53,33,36
22,1996-08-05,9,38,56,1,31,46
23,1996-08-12,17,52,51,59,39,37
24,1996-08-19,1,8,14,28,33,43
25,1996-08-25,56,50,55,54,24,43
26,1996-09-01,50,53,57,10,58,22
27,1996-09-08,44,33,13,51,17,20
28,1996-09-15,60,6,22,3,24,54
29,1996-09-22,14,56,58,8,43,3
30,1996-09-29,38,50,7,29,15,14
31,1996-10-06,56,19,28,48,17,45
32,1996-10-13,43,33,14,36,5,44
33,1996-10-20,5,33,49,17,42,39
34,1996-10-27,15,13,57,53,40,17
35,1996-11-03,21,57,16,23,54,4
36,1996-11-10,13,3,51,17,29,25
37,1996-11-17,22,6,7,52,38,60
38,1996-11-24,55,42,10,43,45,54
39,1996-12-01,16,37,45,52,56,12
40,1996-12-08,3,12,46,5,47,8
41,1996-12-15,38,26,35,39,12,47
42,1996-12-22,24,36,19,33,7,11
43,1996-12-29,2,58,25,6,26,17
44,1997-01-05,47,38,18,14,29,44
45,1997-01-12,30,7,37,55,44,53
46,1997-01-19,32,46,1,60,24,23
47,1997-01-26,35,17,3,48,25,56
48,1997-02-02,47,5,34,28,2,50
49,1997-02-09,33,7,43,35,13,55
50,1997-02-16,57,44,21,16,58,6
51,1997-02-23,23,24,42,25,17,47
52,1997-03-02,58,15,59,30,38,46
53,1997-03-09,42,13,3,46,38,16
54,1997-03-16,5,21,9,56,18,36
55,1997-03-23,29,2,14,38,23,52
56,1997-03-30,51,35,59,7,20,2
57,1997-04-06,27,17,16,34,7,59
58,1997-04-13,30,49,27,37,12,44
59,1997-04-20,28,13,34,2,8,54
60,1997-04-27,38,14,21,15,3,20
61,1997-05-04,59,8,18,29,42,44
62,1997-05-11,52,13,6,24,8,31
63,1997-05-18,26,9,41,49,25,40
64,1997-05-25,8,54,50,60,23,12
65,1997-06-01,20,1,5,32,25,34
66,1997-06-08,15,26,12,33,48,13
67,1997-06-15,47,14,27,52,17,12
68,1997-06-22,53,13,3,1,12,59
69,1997-06-29,56,58,34,53,25,45
70,1997-07-06,40,17,23,43,27,58
71,1997-07-13,53,16,45,43,33,27
72,1997-07-20,19,48,43,1,34,44
73,1997-07-27,57,25,45,28,51,26
74,1997-08-03,2,24,34,50,38,37
75,1997-08-10,36,49,37,35,24,21
76,1997-08-17,33,18,23,8,17,53
77,1997-08-24,29,54,40,57,49,21
78,1997-08-31,22,32,46,12,25,31
79,1997-09-07,43,25,2,13,31,17
80,1997-09-14,51,40,37,23,48,28
81,1997-09-21,47,41,10,60,54,23
82,1997-09-28,51,36,53,29,18,15
83,1997-10-05,24,16,4,42,57,15
84,1997-10-12,10,34,4,6,25,40
85,1997-10-19,47,15,30,37,45,6
86,1997-10-26,54,21,6,34,36,22
87,1997-11-02,40,4,28,32,11,5
88,1997-11-09,45,37,29,4,43,18
89,1997-11-16,59,42,34,13,44,55
90,1997-11-23,21,26,40,54,9,52
91,1997-11-30,60,4,10,35,39,2
92,1997-12-07,5,23,51,3,1,24
93,1997-12-14,22,53,31,28,2,36
94,1997-12-21,28,51,55,18,52,8
95,1997-12-28,46,60,6,40,50,45
96,1998-01-04,4,42,58,26,7,40
97,1998-01-11,56,53,11,14,5,35
98,1998-01-18,43,33,14,31,35,13
99,1998-01-25,30,33,24,11,46,60
100,1998-02-01,46,48,30,14,29,51
101,1998-02-08,39,1,37,31,29,18
102,1998-02-15,44,42,37,56,19,20
103,1998-02-22,9,1,57,7,54,49
104,1998-03-01,13,1,38,21,52,4
105,1998-03-08,3,13,31,43,46,49
106,1998-03-15,24,16,38,5,39,35
107,1998-03-22,2,24,52,4,16,51
108,1998-03-29,60,29,34,24,21,59
109,1998-04-04,54,13,44,49,48,1
110,1998-04-11,57,58,18,31,43,52
111,1998-04-18,52,32,4,33,25,22
112,1998-04-25,37,43,34,20,12,42
113,1998-05-02,34,54,26,28,55,7
114,1998-05-09,47,54,18,6,12,37
115,1998-05-16,6,14,24,20,4,38
116,1998-05-23,36,42,32,5,13,51
117,1998-05-30,53,42,27,20,33,25
118,1998-06-06,22,57,37,9,25,56
119,1998-06-13,47,21,1,50,36,38
120,1998-06-20,46,45,16,40,27,3
121,1998-06-27,53,41,44,2,29,55
122,1998-07-04,20,43,39,11,53,17
123,1998-07-11,13,42,16,32,14,26
124,1998-07-18,52,5,34,57,15,41
125,1998-07-25,56,47,25,59,53,41
126,1998-08-01,32,28,6,10,11,40
127,1998-08-08,59,21,51,54,29,50
128,1998-08-15,23,43,3,21,9,18
129,1998-08-22,46,54,10,9,1,32
130,1998-08-29,13,42,38,49,53,29
131,1998-09-05,30,9,17,27,4,44
132,1998-09-12,44,35,50,41,9,7
133,1998-09-19,19,57,6,39,34,5
134,1998-09-26,60,32,25,36,52,4
135,1998-10-03,35,40,21,59,53,22
136,1998-10-10,17,25,45,38,1,59
137,1998-10-17,26,15,16,22,19,49
138,1998-10-24,41,14,37,5,40,27
139,1998-10-31,26,27,13,42,41,3
140,1998-11-07,55,31,46,44,41,7
141,1998-11-14,10,22,42,13,41,58
142,1998-11-21,20,59,19,54,15,8
143,1998-11-28,40,18,6,20,50,53
144,1998-12-05,8,32,44,36,45,55
145,1998-12-12,43,15,41,51,16,31
146,1998-12-19,51,34,25,60,42,32
147,1998-12-24,24,6,38,23,28,16
148,1998-12-31,32,55,59,41,58,35
149,1999-01-09,11,45,48,7,28,20
150,1999-01-16,50,44,12,55,52,54
151,1999-01-23,3,43,16,56,52,20
152,1999-01-30,12,5,15,51,58,29
153,1999-02-06,47,2,31,42,45,30
154,1999-02-13,8,10,24,33,45,48
155,1999-02-20,12,32,44,43,35,30
156,1999-02-27,52,23,42,17,55,49
157,1999-03-06,17,13,4,44,41,21
158,1999-03-13,58,43,51,14,17,4
159,1999-03-20,16,9,50,58,11,35
160,1999-03-27,13,42,52,58,2,54
161,1999-04-03,25,37,30,39,6,41
162,1999-04-10,23,33,51,38,48,21
163,1999-04-17,41,56,27,36,53,8
164,1999-04-24,4,19,14,10,44,28
165,1999-05-01,39,56,19,23,10,35
166,1999-05-08,60,57,59,13,12,22
167,1999-05-15,1,38,48,28,11,33
168,1999-05-22,45,2,35,9,50,31
169,1999-05-29,52,51,37,13,21,1
170,1999-06-05,7,51,55,41,58,46
171,1999-06-12,54,27,4,43,40,46
172,1999-06-19,49,36,14,26,35,10
173,1999-06-26,29,28,49,17,42,50
174,1999-07-03,11,52,22,23,36,59
175,1999-07-10,10,20,13,1,42,50
176,1999-07-17,28,4,1,45,53,3
177,1999-07-24,35,22,39,41,59,38
178,1999-07-31,5,27,19,26,15,33
179,1999-08-07,6,53,5,26,27,23
180,1999-08-14,39,6,29,60,51,23
181,1999-08-21,33,1,55,35,51,27
182,1999-08-28,46,60,5,10,28,3
183,1999-09-04,16,11,7,40,44,2
184,1999-09-11,9,60,21,16,41,34
185,1999-09-18,59,17,22,46,43,55
186,1999-09-25,24,26,51,25,14,23
187,1999-10-02,6,44,58,41,36,48
188,1999-10-10,34,42,43,46,27,17
189,1999-10-16,41,53,38,4,31,15
190,1999-10-24,32,40,42,21,10,5
191,1999-10-31,58,5,41,3,1,23
192,1999-11-06,1,60,26,41,28,54
193,1999-11-13,12,4,11,49,43,19
194,1999-11-20,32,42,43,25,28,33
195,1999-11-27,17,3,44,37,9,32
196,1999-12-04,32,17,9,14,24,7
197,1999-12-11,19,52,29,15,12,5
198,1999-12-18,40,23,1,18,35,8
199,1999-12-24,52,37,57,16,10,50
200,1999-12-31,12,15,44,34,51,19
201,2000-01-08,55,22,5,30,35,20
202,2000-01-15,49,53,44,12,24,45
203,2000-01-22,11,55,44,19,29,47
204,2000-01-29,31,41,51,39,58,29
205,2000-02-05,26,32,54,43,46,40
206,2000-02-12,20,26,56,18,34,51
207,2000-02-19,19,7,3,55,24,53
208,2000-02-26,23,15,57,24,47,25
209,2000-03-04,13,52,32,41,21,26
210,2000-03-11,37,58,20,38,48,32
211,2000-03-18,10,20,40,45,50,33
212,2000-03-25,29,57,15,45,59,6
213,2000-04-01,3,30,9,35,23,32
214,2000-04-08,30,12,6,50,35,31
215,2000-04-15,7,58,28,53,37,46
216,2000-04-22,35,42,59,18,30,14
217,2000-04-29,27,32,3,51,49,45
218,2000-05-06,54,40,42,17,47,12
219,2000-05-13,26,23,49,28,42,36
220,2000-05-20,36,53,55,13,60,14
221,2000-05-27,54,13,58,43,50,27
222,2000-06-03,5,48,30,55,52,19
223,2000-06-10,28,24,22,2,58,6
224,2000-06-17,20,16,18,7,44,21
225,2000-06-24,21,16,4,37,2,58
226,2000-07-01,2,50,59,38,49,1
227,2000-07-08,37,26,27,42,11,48
228,2000-07-15,16,40,45,59,43,13
229,2000-07-22,39,45,11,21,33,13
230,2000-07-29,56,44,41,40,8,53
231,2000-08-05,16,59,27,42,44,36
232,2000-08-12,29,19,41,22,37,59
233,2000-08-19,45,3,24,36,7,32
234,2000-08-26,15,45,54,25,42,41
235,2000-09-02,29,41,55,2,31,22
236,2000-09-09,10,52,50,57,25,60
237,2000-09-16,36,7,45,31,56,57
238,2000-09-23,15,9,41,13,37,42
239,2000-09-30,33,21,44,46,47,6
240,2000-10-07,59,28,25,41,57,38
241,2000-10-14,11,57,40,35,56,31
242,2000-10-21,22,7,4,21,28,56
243,2000-10-28,20,47,23,32,16,11
244,2000-11-04,19,60,50,24,47,33
245,2000-11-11,44,51,27,53,8,60
246,2000-11-18,2,57,32,43,16,37
247,2000-11-25,34,3,30,10,23,46
248,2000-12-02,56,16,34,41,35,32
249,2000-12-09,21,55,54,40,36,49
250,2000-12-16,55,25,41,42,43,7
251,2000-12-23,34,15,23,55,49,30
252,2000-12-30,17,54,4,51,32,26
253,2001-01-06,12,11,56,44,24,37
254,2001-01-13,4,30,56,21,22,1
255,2001-01-20,32,44,55,19,20,16
256,2001-01-27,21,52,34,26,2,32
257,2001-02-03,28,5,1,34,4,19
258,2001-02-10,12,60,54,7,55,50
259,2001-02-17,20,43,33,13,15,58
260,2001-02-24,43,4,60,59,6,33
261,2001-03-03,5,54,20,56,30,16
262,2001-03-10,53,60,48,20,58,11
263,2001-03-17,8,50,26,9,53,43
264,2001-03-24,5,25,31,13,1,33
265,2001-03-31,7,50,53,16,41,34
266,2001-04-07,38,54,48,23,2,46
267,2001-04-14,58,1,45,55,8,46
268,2001-04-21,21,10,47,6,5,33
269,2001-04-28,19,18,52,25,17,49
270,2001-05-05,45,27,35,40,5,9
271,2001-05-12,14,31,54,29,26,24
272,2001-05-19,36,58,9,10,56,24
273,2001-05-26,47,52,10,27,23,17
274,2001-06-02,11,39,47,18,13,26
275,2001-06-09,16,30,19,38,48,37
276,2001-06-16,53,59,39,45,22,57
277,2001-06-23,40,26,38,4,56,52
278,2001-06-30,22,10,18,55,15,31
279,2001-07-07,31,59,4,58,23,47
280,2001-07-14,5,16,30,25,58,20
281,2001-07-21,11,5,47,31,53,38
282,2001-07-28,33,24,36,9,14,23
283,2001-08-01,48,34,28,54,25,42
284,2001-08-04,8,36,14,32,30,7
285,2001-08-08,50,56,41,12,32,37
286,2001-08-11,44,37,56,29,47,35
287,2001-08-15,60,47,3,33,25,13
288,2001-08-18,50,9,18,11,6,17
289,2001-08-22,36,6,30,20,7,25
290,2001-08-25,57,30,7,25,40,26
291,2001-08-29,22,16,5,41,18,17
292,2001-09-01,24,34,53,45,23,13
293,2001-09-05,6,12,35,5,28,7
294,2001-09-08,28,45,41,22,57,25
295,2001-09-12,24,44,7,31,12,50
296,2001-09-15,20,51,42,3,52,46
297,2001-09-19,20,28,41,1,33,36
298,2001-09-22,22,34,24,23,5,60
299,2001-09-26,7,5,2,53,33,49
300,2001-09-29,27,57,41,38,28,24
301,2001-10-03,58,26,49,57,48,9
302,2001-10-06,25,40,12,60,30,41
303,2001-10-10,7,13,30,37,47,17
304,2001-10-13,42,7,11,34,59,41
305,2001-10-17,11,5,27,60,38,53
306,2001-10-20,30,19,57,41,56,47
307,2001-10-24,26,17,13,41,16,44
308,2001-10-27,55,25,4,11,29,39
309,2001-10-31,39,50,25,55,11,4
310,2001-11-03,28,14,29,2,31,32
311,2001-11-07,32,22,24,41,30,38
312,2001-11-10,14,30,50,41,47,23
313,2001-11-14,14,38,53,24,16,37
314,2001-11-17,5,32,40,58,37,34
315,2001-11-21,50,21,43,12,28,22
316,2001-11-24,28,51,56,6,24,43
317,2001-11-28,27,20,48,16,30,35
318,2001-12-01,19,53,40,3,31,20
319,2001-12-05,12,16,23,17,19,48
320,2001-12-08,20,53,47,50,22,27
321,2001-12-12,11,31,32,48,49,4
322,2001-12-15,18,11,29,44,47,56
323,2001-12-19,31,49,54,33,26,40
324,2001-12-22,22,8,30,15,47,25
325,2001-12-29,4,23,3,1,21,53
326,2002-01-05,52,23,40,51,44,21
327,2002-01-09,46,38,29,33,32,48
328,2002-01-12,51,5,23,7,14,21
329,2002-01-16,24,11,40,12,35,10
330,2002-01-19,2,4,23,37,14,51
331,2002-01-23,27,1,35,20,37,13
332,2002-01-26,28,23,42,29,44,34
333,2002-01-30,35,27,53,44,52,4
334,2002-02-02,41,26,51,14,24,23
335,2002-02-06,43,33,57,23,59,7
336,2002-02-09,2,18,54,22,30,26
337,2002-02-16,31,52,14,54,16,4
338,2002-02-20,48,46,9,1,36,4
339,2002-02-23,13,16,12,5,27,50
340,2002-02-27,10,60,42,9,33,12
341,2002-03-02,56,23,22,43,16,5
342,2002-03-06,29,49,54,51,16,34
343,2002-03-09,4,6,7,24,12,41
344,2002-03-13,33,36,12,35,10,14
345,2002-03-16,56,11,58,46,51,22
346,2002-03-20,56,7,46,60,41,12
347,2002-03-23,26,10,52,1,12,48
348,2002-03-27,39,40,33,52,19,30
349,2002-03-30,9,38,32,8,54,28
350,2002-04-03,23,30,43,10,15,57
351,2002-04-06,15,16,59,60,24,41
352,2002-04-10,49,7,47,25,20,44
353,2002-04-13,60,46,30,55,23,19
354,2002-04-17,40,52,38,16,7,41
355,2002-04-20,2,37,22,60,14,23
356,2002-04-24,54,19,5,58,56,21
357,2002-04-27,45,53,32,2,30,35
358,2002-05-04,40,42,32,12,21,17
359,2002-05-08,31,54,20,29,13,19
360,2002-05-11,47,24,29,55,53,23
361,2002-05-15,41,28,45,31,16,59
362,2002-05-18,37,20,33,46,7,56
363,2002-05-22,39,54,29,49,47,19
364,2002-05-25,59,44,29,5,51,57
365,2002-05-29,52,19,34,37,58,23
366,2002-06-01,6,4,51,7,21,15
367,2002-06-05,52,49,27,33,12,10
368,2002-06-08,13,50,38,32,44,29
369,2002-06-12,21,42,1,60,35,14
370,2002-06-15,51,42,4,54,1,40
371,2002-06-19,23,33,39,4,60,18
372,2002-06-22,24,17,46,57,16,39
373,2002-06-26,31,33,24,10,5,1
374,2002-06-29,54,2,26,5,44,16
375,2002-07-03,51,9,42,5,58,1
376,2002-07-06,25,13,10,43,35,48
377,2002-07-10,46,19,3,45,12,27
378,2002-07-13,55,45,48,41,5,38
379,2002-07-17,41,55,24,59,33,40
380,2002-07-20,47,22,13,30,31,57
381,2002-07-24,9,56,46,28,10,55
382,2002-07-27,54,38,53,31,37,34
383,2002-07-31,48,22,53,56,50,14
384,2002-08-03,28,50,47,24,40,52
385,2002-08-07,22,12,24,18,5,16
386,2002-08-10,39,54,43,36,17,35
387,2002-08-14,29,28,48,47,43,22
388,2002-08-17,52,48,53,58,23,36
389,2002-08-21,46,14,54,18,43,5
390,2002-08-24,7,22,34,12,38,53
391,2002-08-28,7,15,35,16,40,4
392,2002-08-31,49,47,39,31,15,23
393,2002-09-04,12,50,36,6,35,40
394,2002-09-07,15,49,42,5,45,35
395,2002-09-11,11,58,31,14,10,20
396,2002-09-14,47,18,6,45,34,42
397,2002-09-18,32,24,2,5,1,46
398,2002-09-21,28,7,16,37,36,22
399,2002-09-25,59,55,16,27,47,11
400,2002-09-28,29,59,13,10,54,28
401,2002-10-02,50,18,44,53,11,43
402,2002-10-05,27,43,58,5,16,56
403,2002-10-09,46,31,7,16,60,27
404,2002-10-12,24,38,58,1,40,28
405,2002-10-16,57,60,34,24,29,47
406,2002-10-19,47,32,48,12,38,2
407,2002-10-23,49,2,18,51,22,57
408,2002-10-26,49,44,33,28,56,14
409,2002-10-30,26,49,25,18,31,34
410,2002-11-02,31,55,36,24,8,38
411,2002-11-06,10,56,12,31,45,38
412,2002-11-09,45,5,14,21,59,12
413,2002-11-13,35,53,29,33,2,4
414,2002-11-16,35,26,58,52,45,16
415,2002-11-20,38,44,4,1,27,42
416,2002-11-23,13,1,23,56,54,33
417,2002-11-27,25,7,12,21,42,34
418,2002-11-30,45,8,32,49,15,52
419,2002-12-04,41,42,52,53,16,9
420,2002-12-07,43,12,59,30,57,29
421,2002-12-11,38,45,35,37,5,51
422,2002-12-14,60,12,56,37,55,43
423,2002-12-18,8,22,33,40,32,53
424,2002-12-21,29,36,27,18,59,46
425,2002-12-28,6,16,10,34,47,42
426,2003-01-04,7,32,54,50,30,37
427,2003-01-08,51,13,43,24,3,14
428,2003-01-11,60,8,32,28,46,30
429,2003-01-15,55,32,17,36,26,43
430,2003-01-18,50,21,10,25,38,8
431,2003-01-22,58,26,40,37,47,52
432,2003-01-25,50,17,13,27,4,39
433,2003-01-29,36,17,28,16,54,30
434,2003-02-01,24,17,4,54,30,10
435,2003-02-05,37,11,17,31,43,10
436,2003-02-08,1,6,57,29,48,7
437,2003-02-12,54,10,59,44,30,7
438,2003-02-15,38,48,14,3,11,5
439,2003-02-19,42,13,20,29,43,57
440,2003-02-22,46,23,30,47,5,3
441,2003-02-26,2,15,58,10,59,21
442,2003-03-01,15,31,23,6,59,37
443,2003-03-08,11,36,17,26,52,48
444,2003-03-12,48,52,57,24,3,33
445,2003-03-15,31,50,7,53,32,20
446,2003-03-19,11,20,8,47,12,17
447,2003-03-22,24,55,15,33,25,42
448,2003-03-26,5,3,52,45,9,51
449,2003-03-29,34,56,24,1,49,8
450,2003-04-02,59,51,13,1,9,50
451,2003-04-05,23,18,31,17,53,28
452,2003-04-09,54,11,51,16,36,30
453,2003-04-12,58,52,8,34,20,23
454,2003-04-16,4,17,42,56,46,24
455,2003-04-19,50,15,17,2,14,59
456,2003-04-23,17,40,22,27,33,3
457,2003-04-26,48,15,24,27,17,32
458,2003-04-30,43,53,13,32,34,24
459,2003-05-03,43,17,8,15,49,39
460,2003-05-07,19,55,30,23,37,49
461,2003-05-10,30,17,20,29,15,60
462,2003-05-14,27,48,17,19,26,22
463,2003-05-17,7,18,2,45,3,53
464,2003-05-21,6,33,45,38,24,50
465,2003-05-24,46,31,1,57,22,51
466,2003-05-28,28,16,45,29,30,11
467,2003-05-31,38,21,8,22,18,60
468,2003-06-04,23,6,25,39,51,5
469,2003-06-07,29,47,42,21,13,26
470,2003-06-11,51,58,23,11,8,37
471,2003-06-14,51,59,31,5,36,32
472,2003-06-18,12,3,38,29,51,4
473,2003-06-21,51,7,58,49,23,41
474,2003-06-25,34,3,12,50,32,40
475,2003-06-28,19,6,43,52,8,22
476,2003-07-02,38,43,20,55,17,58
477,2003-07-05,47,34,8,6,18,38
478,2003-07-09,30,8,31,3,21,25
479,2003-07-12,20,54,58,26,41,46
480,2003-07-16,36,38,33,14,49,41
481,2003-07-19,42,6,24,44,22,13
482,2003-07-23,13,56,12,33,53,54
483,2003-07-26,16,23,35,18,44,59
484,2003-07-30,53,19,38,18,17,49
485,2003-08-02,38,28,52,30,19,57
486,2003-08-06,50,42,19,8,30,14
487,2003-08-09,25,22,48,52,54,8
488,2003-08-13,30,39,35,43,15,57
489,2003-08-16,28,36,17,53,33,59
490,2003-08-20,5,11,29,54,23,58
491,2003-08-23,22,43,15,55,9,1
492,2003-08-27,57,2,15,6,56,18
493,2003-08-30,54,20,3,18,42,24
494,2003-09-03,28,32,49,53,18,20
495,2003-09-06,36,15,60,8,29,49
496,2003-09-10,41,20,19,29,59,10
497,2003-09-13,9,41,32,13,58,20
498,2003-09-17,49,28,2,6,57,50
499,2003-09-20,59,1,11,5,44,4
500,2003-09-27,35,21,54,29,38,36
501,2003-10-01,34,27,56,28,16,39
502,2003-10-04,50,7,33,21,24,13
503,2003-10-08,10,21,48,27,49,7
504,2003-10-11,39,19,11,8,50,30
505,2003-10-15,47,20,52,3,46,28
506,2003-10-18,31,37,34,15,38,4
507,2003-10-22,44,58,5,27,33,3
508,2003-10-25,46,56,5,15,45,10
509,2003-10-29,32,55,34,35,28,33
510,2003-11-01,30,45,58,1,4,41
511,2003-11-05,8,36,34,37,3,4
512,2003-11-08,8,40,58,4,53,31
513,2003-11-12,46,10,27,19,33,39
514,2003-11-15,15,52,40,36,51,42
515,2003-11-19,39,16,57,15,45,48
516,2003-11-22,24,5,34,13,35,33
517,2003-11-26,51,32,8,28,38,7
518,2003-11-29,44,8,5,15,18,10
519,2003-12-03,9,36,15,19,42,22
520,2003-12-06,32,34,17,35,9,12
521,2003-12-10,28,32,38,25,15,45
522,2003-12-13,49,52,15,25,14,6
523,2003-12-17,45,58,40,39,28,44
524,2003-12-20,47,29,34,48,19,41
525,2003-12-27,26,32,24,49,8,10
526,2004-01-03,3,59,21,36,55,31
527,2004-01-07,17,14,50,52,6,26
528,2004-01-10,34,28,37,12,8,31
529,2004-01-14,56,45,13,33,38,1
530,2004-01-17,32,21,25,1,6,49
531,2004-01-21,3,1,35,7,18,50
532,2004-01-24,13,4,12,53,9,52
533,2004-01-28,27,18,13,59,21,53
534,2004-01-31,48,57,23,8,31,3
535,2004-02-04,49,14,47,56,6,28
536,2004-02-07,14,22,25,15,37,23
537,2004-02-11,37,3,19,34,39,7
538,2004-02-14,45,43,56,25,52,3
539,2004-02-18,16,50,55,6,47,19
540,2004-02-21,22,4,30,44,28,49
541,2004-02-28,58,57,27,13,49,52
542,2004-03-03,49,4,19,28,35,6
543,2004-03-06,35,54,37,42,49,46
544,2004-03-10,11,33,56,47,17,34
545,2004-03-13,43,35,57,29,40,17
546,2004-03-17,46,4,54,17,13,5
547,2004-03-20,4,59,13,53,28,30
548,2004-03-24,51,49,14,47,59,58
549,2004-03-27,13,51,58,22,46,8
550,2004-03-31,17,56,16,38,39,45
551,2004-04-03,56,48,57,21,12,46
552,2004-04-07,22,54,52,47,49,9
553,2004-04-10,43,46,58,53,54,4
554,2004-04-14,47,29,31,15,60,42
555,2004-04-17,49,5,23,33,45,31
556,2004-04-21,8,45,30,33,17,10
557,2004-04-24,18,49,38,23,8,12
558,2004-04-28,59,57,7,58,31,14
559,2004-05-01,53,25,36,13,17,6
560,2004-05-05,32,18,11,30,2,58
561,2004-05-08,39,49,36,20,55,1
562,2004-05-12,37,35,23,16,57,55
563,2004-05-15,34,8,23,44,51,5
564,2004-05-19,38,13,32,20,10,49
565,2004-05-22,31,37,35,7,45,34
566,2004-05-26,17,6,20,18,13,37
567,2004-05-29,57,58,11,38,41,31
568,2004-06-02,25,41,17,29,13,22
569,2004-06-05,32,15,14,9,3,57
570,2004-06-09,35,32,36,33,51,15
571,2004-06-12,14,31,12,13,51,50
572,2004-06-16,33,3,20,60,9,16
573,2004-06-19,59,29,17,6,40,22
574,2004-06-23,32,23,2,10,44,17
575,2004-06-26,18,29,21,48,35,5
576,2004-06-30,18,43,52,39,7,8
577,2004-07-03,31,47,28,23,8,24
578,2004-07-07,48,3,58,18,56,23
579,2004-07-10,15,34,39,17,4,9
580,2004-07-14,38,16,18,28,15,47
581,2004-07-17,30,25,52,14,39,17
582,2004-07-21,13,40,29,59,45,51
583,2004-07-24,55,6,41,20,43,7
584,2004-07-28,30,53,23,7,32,8
585,2004-07-31,24,39,12,33,57,36
586,2004-08-04,45,38,13,11,54,39
587,2004-08-07,30,2,36,18,60,29
588,2004-08-11,45,13,46,55,53,11
589,2004-08-14,13,7,33,59,6,8
590,2004-08-18,25,51,5,18,4,28
591,2004-08-21,58,3,18,50,34,1
592,2004-08-25,55,14,59,47,13,42
593,2004-08-28,27,29,1,59,25,49
594,2004-09-01,10,53,55,29,13,47
595,2004-09-04,54,2,43,1,50,25
596,2004-09-08,43,60,28,11,54,14
597,2004-09-11,42,40,27,22,56,29
598,2004-09-15,5,16,53,38,50,34
599,2004-09-18,6,45,51,9,23,4
600,2004-09-22,18,39,54,34,31,16
601,2004-09-25,37,19,29,30,10,22
602,2004-09-29,38,60,13,7,55,46
603,2004-10-02,4,8,11,29,12,44
604,2004-10-06,41,49,51,25,15,46
605,2004-10-09,44,52,53,4,49,24
606,2004-10-13,41,6,23,55,32,35
607,2004-10-16,6,59,11,27,19,41
608,2004-10-20,30,6,37,19,24,13
609,2004-10-23,15,2,59,60,6,58
610,2004-10-27,25,49,30,43,47,45
611,2004-10-30,22,21,33,16,48,49
612,2004-11-03,55,33,15,50,53,18
613,2004-11-06,54,55,13,44,6,19
614,2004-11-10,60,31,12,48,57,16
615,2004-11-13,27,31,8,10,51,5
616,2004-11-17,24,16,26,54,12,2
617,2004-11-20,25,5,49,36,33,3
618,2004-11-24,60,10,3,8,24,13
619,2004-11-27,16,12,46,14,8,19
620,2004-12-01,22,1,29,13,32,3
621,2004-12-04,29,31,50,26,57,49
622,2004-12-08,59,27,19,29,50,38
623,2004-12-11,42,23,55,30,9,49
624,2004-12-15,39,23,34,52,8,43
625,2004-12-18,59,12,32,42,24,40
626,2004-12-22,49,8,22,18,7,39
627,2004-12-29,19,13,45,58,56,1
628,2005-01-05,8,16,22,56,58,30
629,2005-01-08,40,47,39,16,51,15
630,2005-01-12,16,53,20,60,12,45
631,2005-01-15,1,28,47,20,44,32
632,2005-01-19,2,54,48,51,19,28
633,2005-01-22,27,46,5,50,11,22
634,2005-01-26,13,41,24,42,10,56
635,2005-01-29,49,42,37,8,20,26
636,2005-02-02,30,32,34,50,28,26
637,2005-02-05,52,58,43,48,11,18
638,2005-02-12,42,10,50,41,11,36
639,2005-02-16,51,39,35,60,45,13
640,2005-02-19,12,42,59,46,19,60
641,2005-02-23,17,13,33,9,1,34
642,2005-02-26,51,17,56,36,44,40
643,2005-03-02,14,45,24,37,40,42
644,2005-03-05,57,29,31,27,34,14
645,2005-03-09,52,48,24,53,54,3
646,2005-03-12,13,47,60,32,49,10
647,2005-03-16,56,19,11,14,12,54
648,2005-03-19,5,48,23,42,45,29
649,2005-03-23,9,54,41,48,33,24
650,2005-03-26,53,59,25,29,10,24
651,2005-03-30,39,45,28,26,48,60
652,2005-04-02,24,18,57,56,10,20
653,2005-04-06,31,24,19,34,9,5
654,2005-04-09,10,11,56,40,41,6
655,2005-04-13,26,39,1,37,43,48
656,2005-04-16,59,37,46,36,35,51
657,2005-04-20,20,59,58,33,60,16
658,2005-04-23,41,20,36,3,11,6
659,2005-04-27,14,29,40,34,51,52
660,2005-04-30,53,5,38,54,46,11
661,2005-05-04,42,40,27,4,55,36
662,2005-05-07,4,60,56,25,18,23
663,2005-05-11,1,49,30,55,27,51
664,2005-05-14,12,1,55,59,38,36
665,2005-05-18,8,47,7,48,25,18
666,2005-05-21,7,26,16,29,45,55
667,2005-05-25,5,23,16,4,49,1
668,2005-05-28,49,33,56,2,14,1
669,2005-06-01,7,41,24,40,49,27
670,2005-06-04,42,59,58,37,48,22
671,2005-06-08,27,16,39,51,9,38
672,2005-06-11,43,34,53,38,28,24
673,2005-06-15,6,40,37,11,20,34
674,2005-06-18,22,32,18,29,42,38
675,2005-06-22,50,42,30,25,43,24
676,2005-06-25,49,32,15,9,41,42
677,2005-06-29,25,10,48,8,32,55
678,2005-07-02,44,46,31,14,40,42
679,2005-07-06,37,21,54,3,58,25
680,2005-07-09,44,2,26,5,3,22
681,2005-07-13,59,21,53,25,58,38
682,2005-07-16,60,37,47,36,4,27
683,2005-07-20,43,40,12,11,2,35
684,2005-07-23,50,37,33,40,19,17
685,2005-07-27,33,27,5,56,12,43
686,2005-07-30,33,5,4,54,15,26
687,2005-08-03,59,48,1,7,41,14
688,2005-08-06,47,30,52,11,21,35
689,2005-08-10,6,60,7,31,49,51
690,2005-08-13,15,41,8,47,12,53
691,2005-08-17,55,16,58,8,37,50
692,2005-08-20,33,18,60,11,58,57
693,2005-08-24,14,50,41,17,31,13
694,2005-08-27,15,19,29,53,37,41
695,2005-08-31,13,40,21,52,6,11
696,2005-09-03,37,16,34,57,53,9
697,2005-09-10,53,35,32,31,28,51
698,2005-09-14,22,8,27,43,55,12
699,2005-09-19,53,17,50,23,54,48
700,2005-09-21,2,3,24,40,31,14
701,2005-09-24,13,1,31,23,60,48
702,2005-09-28,1,56,18,58,45,57
703,2005-10-01,30,24,2,45,11,27
704,2005-10-05,2,27,50,34,18,4
705,2005-10-08,3,15,11,13,26,43
706,2005-10-15,22,10,17,7,2,60
707,2005-10-19,51,8,1,43,10,36
708,2005-10-22,45,13,39,47,9,7
709,2005-10-26,29,22,44,9,6,4
710,2005-10-29,46,25,5,49,39,34
711,2005-11-05,10,5,41,59,40,33
712,2005-11-09,35,7,53,58,8,43
713,2005-11-12,46,1,26,16,12,54
714,2005-11-16,17,53,39,8,7,35
715,2005-11-19,54,36,12,4,33,24
716,2005-11-23,29,2,7,50,16,32
717,2005-11-26,28,35,41,17,6,23
718,2005-11-30,7,35,21,39,58,33
719,2005-12-03,39,47,37,53,32,3
720,2005-12-07,12,56,44,51,31,54
721,2005-12-10,14,3,23,55,36,25
722,2005-12-14,60,36,57,18,44,9
723,2005-12-17,16,6,52,1,36,50
724,2005-12-21,34,51,55,17,48,27
725,2005-12-31,49,9,3,35,37,41
726,2006-01-04,40,47,1,5,7,37
727,2006-01-07,14,42,12,4,59,30
728,2006-01-11,44,42,13,8,24,32
729,2006-01-14,33,56,18,57,43,5
730,2006-01-18,45,15,2,54,16,50
731,2006-01-21,35,6,15,23,28,16
732,2006-01-25,49,19,53,50,17,6
733,2006-01-28,12,26,31,43,46,2
734,2006-02-01,44,45,27,29,43,54
735,2006-02-04,40,42,15,52,38,9
736,2006-02-08,1,21,38,41,56,49
737,2006-02-11,33,12,24,38,11,32
738,2006-02-15,15,30,14,42,26,54
739,2006-02-18,6,45,56,49,35,10
740,2006-02-22,29,47,12,50,16,28
741,2006-02-25,26,39,27,24,59,36
742,2006-03-01,34,17,7,41,2,50
743,2006-03-04,54,20,32,60,25,23
744,2006-03-08,26,46,12,23,39,4
745,2006-03-11,21,57,37,16,43,2
746,2006-03-15,49,12,10,57,25,1
747,2006-03-18,21,23,56,12,3,2
748,2006-03-22,1,7,19,51,35,2
749,2006-03-25,24,47,4,57,48,50
750,2006-03-29,58,17,54,10,42,33
751,2006-04-01,4,25,38,50,20,7
752,2006-04-05,25,4,29,42,24,23
753,2006-04-08,59,35,43,22,7,2
754,2006-04-12,4,42,34,50,3,13
755,2006-04-15,59,30,47,12,4,49
756,2006-04-19,37,50,41,5,38,27
757,2006-04-22,17,32,12,18,58,30
758,2006-04-26,47,59,1,23,36,43
759,2006-04-29,59,39,30,31,48,45
760,2006-05-03,12,17,60,44,46,45
761,2006-05-06,56,29,17,13,27,40
762,2006-05-10,39,9,21,12,37,54
763,2006-05-13,40,47,1,48,9,26
764,2006-05-18,7,3,55,47,53,45
765,2006-05-21,3,37,50,16,30,10
766,2006-05-24,1,50,19,42,24,58
767,2006-05-27,22,50,32,38,54,15
768,2006-05-31,33,37,59,30,4,8
769,2006-06-03,20,21,50,29,12,16
770,2006-06-07,4,34,25,35,48,12
771,2006-06-10,29,46,34,47,21,14
772,2006-06-14,38,51,52,60,10,35
773,2006-06-17,3,5,51,29,34,14
774,2006-06-21,37,5,54,58,46,10
775,2006-06-24,27,12,46,47,42,50
776,2006-06-28,57,35,60,41,3,15
777,2006-07-01,14,50,23,2,28,56
778,2006-07-05,45,20,36,37,31,51
779,2006-07-08,36,54,52,25,29,26
780,2006-07-12,10,50,28,51,59,7
781,2006-07-15,10,54,8,39,56,13
782,2006-07-19,11,23,59,42,35,2
783,2006-07-22,43,21,48,8,4,32
784,2006-07-26,42,56,8,37,27,53
785,2006-07-29,35,5,37,8,48,17
786,2006-08-02,27,31,26,11,10,41
787,2006-08-05,37,31,20,60,34,54
788,2006-08-09,31,57,17,19,29,44
789,2006-08-12,60,39,31,38,6,50
790,2006-08-16,22,2,19,28,43,6
791,2006-08-19,42,35,19,9,14,58
792,2006-08-23,43,56,9,45,29,34
793,2006-08-26,3,51,33,15,16,57
794,2006-08-30,56,47,55,38,42,3
795,2006-09-02,14,36,21,29,26,48
796,2006-09-06,19,24,43,34,39,5
797,2006-09-09,58,48,52,47,12,6
798,2006-09-13,32,9,4,52,29,3
799,2006-09-16,29,35,19,57,42,55
800,2006-09-20,1,7,56,11,37,38
801,2006-09-23,20,22,11,19,48,42
802,2006-09-27,14,24,60,6,18,48
803,2006-09-30,10,57,28,3,5,21
804,2006-10-04,13,59,37,56,3,47
805,2006-10-07,30,2,48,60,43,36
806,2006-10-12,60,41,47,26,35,18
807,2006-10-14,8,27,2,32,56,49
808,2006-10-18,15,21,31,46,2,57
809,2006-10-21,25,23,11,5,30,15
810,2006-10-25,4,33,1,48,5,37
811,2006-10-28,32,57,28,41,10,47
812,2006-11-01,57,39,54,11,38,13
813,2006-11-04,23,15,56,46,9,45
814,2006-11-08,11,2,46,50,8,41
815,2006-11-11,57,50,9,39,37,19
816,2006-11-16,21,47,40,52,30,20
817,2006-11-18,34,43,29,30,10,52
818,2006-11-22,44,41,22,8,9,25
819,2006-11-25,51,5,58,46,25,19
820,2006-11-29,17,45,32,21,10,46
821,2006-12-02,4,29,38,36,33,42
822,2006-12-06,4,17,41,10,27,52
823,2006-12-09,15,26,59,1,54,51
824,2006-12-13,33,48,6,7,20,9
825,2006-12-16,28,21,40,10,41,47
826,2006-12-19,45,6,8,7,53,27
827,2006-12-21,24,56,30,51,42,18
828,2006-12-23,23,50,53,42,28,38
829,2006-12-31,32,50,14,47,10,56
830,2007-01-03,53,51,2,41,13,49
831,2007-01-06,3,50,48,42,32,33
832,2007-01-10,17,49,15,33,39,23
833,2007-01-13,53,58,57,16,46,13
834,2007-01-17,44,10,17,16,51,34
835,2007-01-20,58,31,57,49,33,18
836,2007-01-24,28,22,38,17,52,59
837,2007-01-27,16,5,24,34,6,60
838,2007-01-31,9,30,47,38,23,44
839,2007-02-03,11,18,8,7,37,43
840,2007-02-07,43,29,35,59,31,17
841,2007-02-10,36,51,32,22,38,7
842,2007-02-14,51,44,60,9,7,30
843,2007-02-17,34,48,1,16,45,36
844,2007-02-24,54,24,44,57,34,16
845,2007-02-28,40,48,19,20,14,52
846,2007-03-03,47,54,2,50,3,44
847,2007-03-07,42,14,44,27,15,48
848,2007-03-10,56,34,17,32,47,27
849,2007-03-14,8,39,9,58,44,49
850,2007-03-17,60,22,59,25,44,7
851,2007-03-21,16,32,35,58,19,3
852,2007-03-24,14,38,6,23,44,34
853,2007-03-28,51,30,59,46,38,56
854,2007-03-31,17,3,24,27,44,25
855,2007-04-04,42,3,24,53,43,31
856,2007-04-07,11,40,41,47,15,42
857,2007-04-11,17,59,49,2,3,50
858,2007-04-14,31,37,54,23,4,18
859,2007-04-18,46,47,12,57,34,9
860,2007-04-23,22,8,17,42,44,2
861,2007-04-25,42,40,60,59,47,39
862,2007-04-28,19,35,12,2,11,8
863,2007-05-02,32,53,50,57,15,24
864,2007-05-05,31,11,33,42,57,8
865,2007-05-09,27,23,41,51,26,53
866,2007-05-12,36,48,27,40,5,46
867,2007-05-16,54,26,28,19,44,10
868,2007-05-19,57,51,21,22,25,40
869,2007-05-23,29,42,50,51,49,27
870,2007-05-26,52,8,43,34,40,21
871,2007-05-30,17,5,58,1,47,10
872,2007-06-02,18,55,58,43,31,5
873,2007-06-06,57,59,4,34,19,30
874,2007-06-09,59,20,52,42,44,10
875,2007-06-13,53,18,36,58,24,20
876,2007-06-16,4,12,41,45,60,8
877,2007-06-20,13,15,20,31,28,36
878,2007-06-23,37,12,43,38,11,54
879,2007-06-27,29,10,46,35,42,28
880,2007-06-30,51,30,49,25,37,46
881,2007-07-04,43,24,4,51,18,56
882,2007-07-07,42,45,44,60,41,17
883,2007-07-11,21,37,60,32,52,53
884,2007-07-14,22,11,2,14,39,12
885,2007-07-18,13,4,31,33,47,51
886,2007-07-21,50,55,37,33,59,17
887,2007-07-25,44,12,32,21,1,34
888,2007-07-28,50,24,40,54,52,60
889,2007-08-01,34,54,20,39,60,24
890,2007-08-04,9,21,22,7,17,54
891,2007-08-08,15,22,19,35,34,16
892,2007-08-11,1,49,52,42,19,44
893,2007-08-15,56,53,51,26,18,3
894,2007-08-18,37,24,44,28,20,41
895,2007-08-22,2,55,41,43,57,58
896,2007-08-25,31,11,41,35,22,5
897,2007-08-29,21,57,46,22,7,43
898,2007-09-01,4,8,3,54,45,30
899,2007-09-05,58,18,54,36,53,20
900,2007-09-08,4,21,59,18,38,34
901,2007-09-12,32,34,16,13,56,33
902,2007-09-15,52,55,23,50,58,18
903,2007-09-19,17,5,32,55,20,41
904,2007-09-22,32,44,59,53,48,51
905,2007-09-26,4,15,57,55,2,16
906,2007-09-29,35,39,29,24,7,14
907,2007-10-03,9,41,53,37,36,51
908,2007-10-06,19,1,9,25,50,52
909,2007-10-10,42,17,26,38,28,22
910,2007-10-13,53,29,36,3,15,27
911,2007-10-17,49,46,1,29,6,28
912,2007-10-20,26,21,54,4,19,29
913,2007-10-24,30,14,59,36,46,38
914,2007-10-27,33,51,9,23,45,12
915,2007-10-31,20,28,49,26,17,48
916,2007-11-03,33,37,5,38,28,36
917,2007-11-07,23,59,25,47,46,30
918,2007-11-10,38,44,8,4,12,52
919,2007-11-14,43,25,41,60,31,3
920,2007-11-17,17,57,55,24,52,5
921,2007-11-21,35,41,1,57,9,48
922,2007-11-24,41,49,45,19,13,12
923,2007-11-28,53,39,2,50,57,15
924,2007-12-01,51,27,60,21,20,2
925,2007-12-05,52,37,46,8,22,36
926,2007-12-08,40,41,34,33,21,59
927,2007-12-12,36,26,31,23,19,33
928,2007-12-15,32,10,49,60,4,33
929,2007-12-19,16,49,35,39,57,27
930,2007-12-22,46,20,55,37,28,49
931,2007-12-31,17,34,7,36,39,19
932,2008-01-05,2,21,42,53,36,17
933,2008-01-09,25,39,45,51,8,14
934,2008-01-12,25,48,44,3,21,1
935,2008-01-16,7,45,18,13,29,31
936,2008-01-19,5,33,14,29,44,22
937,2008-01-23,22,41,2,30,21,52
938,2008-01-26,35,15,27,57,50,59
939,2008-01-30,6,23,19,50,37,49
940,2008-02-02,25,33,51,31,5,37
941,2008-02-06,11,15,10,27,60,53
942,2008-02-09,5,52,18,8,59,42
943,2008-02-13,47,41,58,3,23,12
944,2008-02-16,16,58,43,37,52,59
945,2008-02-20,44,8,59,54,4,27
946,2008-02-23,59,1,47,5,52,12
947,2008-02-27,33,11,3,58,14,5
948,2008-03-01,22,44,41,46,52,54
949,2008-03-05,44,1,51,52,41,23
950,2008-03-08,48,59,49,41,42,23
951,2008-03-12,49,24,39,34,55,14
952,2008-03-15,54,11,27,18,2,30
953,2008-03-19,55,48,1,39,16,42
954,2008-03-22,8,5,24,18,57,33
955,2008-03-26,35,5,32,21,33,12
956,2008-03-29,46,51,47,59,54,57
957,2008-04-02,50,32,25,34,57,24
958,2008-04-05,13,22,7,33,51,48
959,2008-04-09,57,3,5,11,33,39
960,2008-04-12,34,6,33,18,53,19
961,2008-04-16,16,53,2,4,21,36
962,2008-04-19,2,48,49,40,55,11
963,2008-04-23,37,17,15,50,48,59
964,2008-04-26,42,13,33,20,8,26
965,2008-04-30,36,39,57,58,5,30
966,2008-05-03,1,58,26,28,4,41
967,2008-05-07,18,14,57,30,13,5
968,2008-05-10,30,4,13,60,51,1
969,2008-05-14,56,35,50,13,41,25
970,2008-05-17,57,34,5,54,28,21
971,2008-05-21,4,14,33,44,11,45
972,2008-05-24,33,18,15,56,31,34
973,2008-05-28,53,36,8,30,1,47
974,2008-05-31,45,20,38,31,16,12
975,2008-06-04,33,9,37,40,41,30
976,2008-06-07,28,53,38,23,14,25
977,2008-06-11,17,3,9,32,7,5
978,2008-06-14,42,58,12,18,16,27
979,2008-06-18,28,3,39,51,31,15
980,2008-06-21,35,17,59,15,36,29
981,2008-06-25,8,41,53,1,58,34
982,2008-06-28,12,24,8,40,43,49
983,2008-07-02,38,45,40,16,32,22
984,2008-07-05,46,20,4,43,47,10
985,2008-07-09,4,56,18,59,46,16
986,2008-07-12,32,6,31,24,15,19
987,2008-07-16,47,27,13,31,34,58
988,2008-07-19,48,17,46,56,60,8
989,2008-07-23,38,21,27,2,29,32
990,2008-07-26,29,18,2,15,10,39
991,2008-07-30,8,38,60,41,15,9
992,2008-08-02,6,8,4,1,25,28
993,2008-08-06,26,25,42,60,5,24
994,2008-08-09,44,40,58,29,3,20
995,2008-08-13,4,54,55,36,16,31
996,2008-08-16,21,23,20,7,29,15
997,2008-08-20,18,53,55,32,9,17
998,2008-08-23,28,21,4,32,3,22
999,2008-08-27,44,36,55,58,18,24
1000,2008-08-30,49,58,53,39,38,29
1001,2008-09-03,15,37,27,12,60,51
1002,2008-09-06,3,31,7,25,40,58
1003,2008-09-10,10,27,23,5,16,26
1004,2008-09-13,45,47,29,40,44,43
1005,2008-09-17,6,41,4,37,12,42
1006,2008-09-20,48,17,4,33,55,2
1007,2008-09-24,49,27,4,36,52,37
1008,2008-09-27,7,15,42,48,34,13
1009,2008-10-01,34,12,1,6,58,29
1010,2008-10-04,2,46,3,37,13,54
1011,2008-10-08,30,2,52,21,11,35
1012,2008-10-11,47,19,58,14,40,55
1013,2008-10-15,7,9,20,41,12,19
1014,2008-10-18,60,57,9,25,8,41
1015,2008-10-22,49,8,28,3,26,17
1016,2008-10-25,11,9,25,5,60,20
1017,2008-10-29,31,51,19,6,56,34
1018,2008-11-01,55,51,58,9,44,24
1019,2008-11-05,29,47,4,13,46,23
1020,2008-11-08,19,32,52,1,2,39
1021,2008-11-12,42,55,51,43,2,33
1022,2008-11-16,31,21,40,39,56,5
1023,2008-11-19,45,40,2,7,18,8
1024,2008-11-22,28,53,18,39,22,29
1025,2008-11-26,52,40,29,27,28,10
1026,2008-11-29,10,33,51,53,6,17
1027,2008-12-03,20,18,47,44,60,33
1028,2008-12-06,54,26,34,51,20,52
1029,2008-12-10,17,5,16,24,20,32
1030,2008-12-13,57,8,54,1,23,37
1031,2008-12-17,49,33,24,40,46,43
1032,2008-12-20,57,43,15,29,26,16
1033,2008-12-24,39,6,5,33,54,17
1034,2008-12-27,20,42,1,3,49,18
1035,2008-12-31,51,60,1,11,59,26
1036,2009-01-03,27,39,36,10,41,52
1037,2009-01-07,56,36,4,44,46,53
1038,2009-01-10,51,7,6,28,35,43
1039,2009-01-14,52,2,20,27,36,24
1040,2009-01-17,44,1,28,55,6,39
1041,2009-01-21,12,10,36,54,44,57
1042,2009-01-24,25,46,51,18,13,30
1043,2009-01-28,25,14,51,48,60,21
1044,2009-01-31,58,10,39,11,13,35
1045,2009-02-04,31,6,5,17,50,1
1046,2009-02-07,57,40,28,42,54,55
1047,2009-02-11,1,2,10,48,14,8
1048,2009-02-14,57,3,38,21,28,16
1049,2009-02-18,34,17,52,5,2,29
1050,2009-02-21,60,14,45,24,33,26
1051,2009-02-25,57,11,7,43,10,13
1052,2009-02-28,8,11,16,15,57,52
1053,2009-03-04,15,42,27,53,34,49
1054,2009-03-07,41,27,13,60,14,18
1055,2009-03-11,27,32,15,12,20,16
1056,2009-03-14,38,8,50,53,59,6
1057,2009-03-18,15,49,59,4,3,2
1058,2009-03-21,20,51,57,45,24,18
1059,2009-03-25,37,1,14,45,12,16
1060,2009-03-28,1,41,3,18,16,42
1061,2009-04-01,9,41,56,23,21,30
1062,2009-04-04,55,8,2,37,23,33
1063,2009-04-08,49,1,22,47,44,50
1064,2009-04-11,28,4,19,16,49,29
1065,2009-04-15,7,57,19,43,39,30
1066,2009-04-18,10,43,49,32,25,6
1067,2009-04-22,14,10,56,25,4,28
1068,2009-04-25,44,48,25,57,27,47
1069,2009-04-29,28,17,49,53,45,9
1070,2009-05-02,41,53,8,23,5,16
1071,2009-05-06,5,37,43,7,53,54
1072,2009-05-09,19,18,54,47,43,9
1073,2009-05-13,44,36,32,8,34,25
1074,2009-05-16,3,47,10,50,29,23
1075,2009-05-20,53,39,16,21,10,12
1076,2009-05-23,32,33,10,19,42,4
1077,2009-05-27,11,6,18,5,37,9
1078,2009-05-30,3,6,45,34,41,43
1079,2009-06-03,36,12,37,24,5,28
1080,2009-06-06,56,11,20,41,34,18
1081,2009-06-10,9,56,29,52,16,24
1082,2009-06-13,4,40,50,17,55,38
1083,2009-06-17,20,28,42,23,10,43
1084,2009-06-20,20,5,29,59,40,33
1085,2009-06-24,39,50,21,12,40,55
1086,2009-06-27,45,4,6,23,10,2
1087,2009-07-01,36,46,28,32,3,20
1088,2009-07-04,24,42,35,31,6,57
1089,2009-07-08,37,48,32,2,18,20
1090,2009-07-11,24,9,40,20,36,42
1091,2009-07-15,27,56,17,24,49,23
1092,2009-07-18,40,30,1,9,33,34
1093,2009-07-22,27,49,38,23,41,19
1094,2009-07-25,10,9,48,36,41,21
1095,2009-07-29,27,23,36,10,21,16
1096,2009-08-01,3,41,52,14,13,16
1097,2009-08-05,21,48,33,1,56,17
1098,2009-08-08,30,20,21,11,50,52
1099,2009-08-12,55,44,38,35,14,31
1100,2009-08-15,41,33,17,18,7,42
1101,2009-08-19,7,12,57,6,24,10
1102,2009-08-22,46,23,9,35,11,51
1103,2009-08-26,41,19,10,28,55,56
1104,2009-08-29,3,35,58,49,2,6
1105,2009-09-02,43,1,50,28,57,15
1106,2009-09-05,4,15,50,60,43,47
1107,2009-09-09,36,20,54,9,3,53
1108,2009-09-12,60,44,7,39,43,9
1109,2009-09-16,11,52,14,6,29,8
1110,2009-09-19,26,45,6,28,42,14
1111,2009-09-23,4,43,25,9,33,32
1112,2009-09-26,4,34,52,32,58,43
1113,2009-09-30,47,36,29,59,3,6
1114,2009-10-03,16,3,22,54,25,15
1115,2009-10-07,44,41,18,50,37,30
1116,2009-10-10,17,20,4,47,9,13
1117,2009-10-14,27,35,40,1,6,17
1118,2009-10-17,55,44,8,20,43,21
1119,2009-10-21,44,54,41,45,34,10
1120,2009-10-24,50,55,7,35,44,40
1121,2009-10-28,18,4,59,54,56,17
1122,2009-10-31,49,44,56,26,46,55
1123,2009-11-04,19,4,39,14,45,60
1124,2009-11-07,49,11,7,18,16,33
1125,2009-11-11,7,42,56,29,33,3
1126,2009-11-14,59,31,57,4,52,42
1127,2009-11-18,24,8,14,5,29,30
1128,2009-11-21,60,8,39,52,24,16
1129,2009-11-25,47,19,17,12,32,55
1130,2009-11-28,23,49,32,54,18,5
1131,2009-12-02,49,34,36,1,16,8
1132,2009-12-05,52,30,27,12,55,33
1133,2009-12-09,16,5,58,39,10,21
1134,2009-12-12,29,36,56,22,9,51
1135,2009-12-16,5,4,19,39,6,23
1136,2009-12-19,7,31,32,37,43,34
1137,2009-12-22,21,28,19,25,50,43
1138,2009-12-24,4,25,18,15,36,2
1139,2009-12-26,36,42,37,9,28,31
1140,2009-12-31,49,58,40,46,10,27
1141,2010-01-02,40,9,37,58,50,60
1142,2010-01-06,28,31,15,58,3,26
1143,2010-01-09,35,47,60,44,30,3
1144,2010-01-13,19,10,49,18,1,44
1145,2010-01-16,19,3,60,33,24,16
1146,2010-01-20,10,34,53,33,28,6
1147,2010-01-23,23,39,52,31,6,33
1148,2010-01-27,48,32,29,55,27,28
1149,2010-01-30,46,54,8,36,7,23
1150,2010-02-03,28,17,35,52,31,15
1151,2010-02-06,1,25,4,14,21,51
1152,2010-02-10,47,36,44,29,20,14
1153,2010-02-13,55,46,34,17,19,6
1154,2010-02-17,4,14,21,26,12,28
1155,2010-02-20,28,58,41,40,51,20
1156,2010-02-24,31,49,44,24,9,48
1157,2010-02-27,46,9,43,41,49,29
1158,2010-03-03,23,31,60,55,30,54
1159,2010-03-06,53,46,5,6,34,55
1160,2010-03-10,40,5,3,48,1,18
1161,2010-03-13,48,47,7,4,42,51
1162,2010-03-17,31,25,18,41,22,30
1163,2010-03-20,5,51,31,53,47,17
1164,2010-03-24,17,6,14,40,49,26
1165,2010-03-27,20,52,60,42,54,40
1166,2010-03-31,35,28,54,30,22,31
1167,2010-04-03,43,28,56,20,52,51
1168,2010-04-07,47,20,4,56,53,5
1169,2010-04-10,14,1,11,23,42,48
1170,2010-04-14,46,11,27,34,49,13
1171,2010-04-17,41,3,10,30,57,13
1172,2010-04-20,28,52,6,43,12,56
1173,2010-04-24,7,25,24,36,5,47
1174,2010-04-28,7,52,6,51,47,39
1175,2010-04-30,2,3,12,37,47,16
1176,2010-05-05,21,11,49,14,33,30
1177,2010-05-08,33,52,55,47,38,50
1178,2010-05-12,1,53,22,50,45,30
1179,2010-05-15,59,28,47,60,22,5
1180,2010-05-19,60,12,34,30,44,57
1181,2010-05-22,44,18,45,31,26,20
1182,2010-05-26,52,29,56,60,2,4
1183,2010-05-29,12,5,10,20,29,37
1184,2010-06-02,4,23,27,28,9,30
1185,2010-06-05,54,10,2,43,21,35
1186,2010-06-09,41,12,15,7,13,8
1187,2010-06-12,8,49,43,17,40,19
1188,2010-06-16,60,52,59,9,44,20
1189,2010-06-19,50,21,14,35,31,27
1190,2010-06-23,11,53,56,37,10,19
1191,2010-06-26,25,22,11,16,33,3
1192,2010-06-30,49,17,20,59,57,52
1193,2010-07-03,12,54,2,32,14,9
1194,2010-07-07,24,53,41,6,13,50
1195,2010-07-10,27,17,57,26,55,20
1196,2010-07-14,60,3,20,19,58,6
1197,2010-07-17,39,54,36,37,60,49
1198,2010-07-21,29,22,36,58,41,48
1199,2010-07-24,58,28,23,39,16,19
1200,2010-07-28,10,3,39,54,56,11
1201,2010-07-31,36,32,55,49,60,28
1202,2010-08-04,9,60,11,53,48,8
1203,2010-08-07,55,30,33,9,7,38
1204,2010-08-11,10,25,5,39,52,43
1205,2010-08-14,14,4,26,35,29,13
1206,2010-08-18,2,11,37,36,48,6
1207,2010-08-21,32,35,22,9,56,11
1208,2010-08-25,45,12,1,26,54,20
1209,2010-08-28,30,17,38,14,5,35
1210,2010-09-01,3,7,9,10,31,34
1211,2010-09-04,36,54,3,31,15,48
1212,2010-09-08,35,50,2,23,33,40
1213,2010-09-11,3,53,45,11,34,26
1214,2010-09-15,5,41,29,36,30,48
1215,2010-09-18,47,51,10,50,30,25
1216,2010-09-22,7,25,4,58,13,27
1217,2010-09-25,5,43,28,15,11,50
1218,2010-09-29,33,23,29,46,10,31
1219,2010-10-02,34,37,41,53,2,33
1220,2010-10-06,48,55,52,43,5,15
1221,2010-10-09,46,5,58,37,14,43
1222,2010-10-13,26,19,48,57,5,8
1223,2010-10-16,17,15,48,42,35,47
1224,2010-10-20,41,19,57,53,21,27
1225,2010-10-23,32,55,34,31,50,40
1226,2010-10-27,31,55,56,50,40,10
1227,2010-10-30,35,31,4,30,54,28
1228,2010-11-03,36,10,60,52,50,23
1229,2010-11-06,12,49,60,32,30,40
1230,2010-11-10,37,35,12,22,19,9
1231,2010-11-13,20,27,49,5,23,39
1232,2010-11-17,12,18,15,8,11,22
1233,2010-11-20,49,22,59,29,32,54
1234,2010-11-24,3,5,24,19,30,35
1235,2010-11-27,16,49,55,20,10,26
1236,2010-12-01,17,20,38,8,53,3
1237,2010-12-04,26,21,39,5,18,59
1238,2010-12-08,40,45,24,14,13,39
1239,2010-12-11,15,1,48,37,39,52
1240,2010-12-15,22,42,49,8,12,9
1241,2010-12-18,13,26,25,10,28,45
1242,2010-12-20,54,45,51,11,34,48
1243,2010-12-22,32,19,23,57,9,29
1244,2010-12-24,45,8,34,15,2,25
1245,2010-12-31,34,10,37,50,43,2
1246,2011-01-05,59,10,37,57,40,43
1247,2011-01-08,9,11,24,3,51,36
1248,2011-01-12,20,33,58,34,57,60
1249,2011-01-15,3,40,8,53,51,36
1250,2011-01-19,59,1,2,40,51,24
1251,2011-01-22,48,27,34,52,46,5
1252,2011-01-26,35,2,51,14,49,39
1253,2011-01-29,2,51,17,44,43,23
1254,2011-02-02,9,29,18,7,14,39
1255,2011-02-05,23,5,54,39,38,51
1256,2011-02-09,26,38,33,35,53,43
1257,2011-02-12,27,15,30,52,26,2
1258,2011-02-16,47,26,11,57,59,55
1259,2011-02-19,39,54,58,46,4,6
1260,2011-02-23,19,23,31,53,29,41
1261,2011-02-26,10,41,14,22,53,42
1262,2011-03-02,11,39,9,5,8,7
1263,2011-03-05,41,53,18,4,36,26
1264,2011-03-09,56,17,37,51,4,36
1265,2011-03-12,13,50,46,24,60,19
1266,2011-03-16,39,6,42,10,60,33
1267,2011-03-19,47,58,4,41,20,30
1268,2011-03-23,17,53,60,44,16,3
1269,2011-03-26,51,5,27,4,15,17
1270,2011-03-30,31,33,24,5,42,9
1271,2011-04-02,2,52,39,59,48,1
1272,2011-04-06,28,27,13,35,26,52
1273,2011-04-09,60,26,19,58,13,40
1274,2011-04-13,13,59,21,17,40,39
1275,2011-04-16,58,55,14,2,60,48
1276,2011-04-20,9,40,5,22,36,11
1277,2011-04-23,50,59,18,31,60,12
1278,2011-04-27,4,16,24,56,25,30
1279,2011-04-30,8,29,36,35,14,40
1280,2011-05-04,29,6,54,10,20,16
1281,2011-05-07,36,14,30,38,11,8
1282,2011-05-11,4,39,56,23,52,55
1283,2011-05-14,59,8,60,44,40,30
1284,2011-05-18,26,21,20,36,31,29
1285,2011-05-21,33,10,15,38,31,28
1286,2011-05-25,5,52,2,33,51,28
1287,2011-05-28,33,42,12,31,11,52
1288,2011-06-01,42,32,56,40,30,17
1289,2011-06-04,13,8,27,1,3,52
1290,2011-06-08,14,50,3,23,2,34
1291,2011-06-11,18,57,58,40,47,54
1292,2011-06-15,30,31,23,9,54,11
1293,2011-06-18,24,50,1,44,13,40
1294,2011-06-22,6,50,4,48,29,51
1295,2011-06-25,20,2,43,15,5,57
1296,2011-06-29,49,43,14,10,53,46
1297,2011-07-02,2,56,11,5,59,13
1298,2011-07-06,60,14,53,30,15,55
1299,2011-07-09,56,32,8,22,43,53
1300,2011-07-13,46,43,59,54,44,53
1301,2011-07-16,16,25,3,51,23,56
1302,2011-07-20,44,15,56,2,10,57
1303,2011-07-23,19,51,54,8,52,46
1304,2011-07-27,35,23,15,7,20,14
1305,2011-07-30,44,11,5,46,36,3
1306,2011-08-03,45,6,19,34,43,22
1307,2011-08-06,10,47,54,7,43,32
1308,2011-08-09,24,33,7,30,47,8
1309,2011-08-11,7,12,25,26,32,39
1310,2011-08-13,14,8,53,9,59,32
1311,2011-08-17,54,7,19,12,45,9
1312,2011-08-20,28,30,29,22,20,5
1313,2011-08-24,39,26,49,1,4,43
1314,2011-08-27,42,44,52,58,60,38
1315,2011-08-31,27,29,1,50,52,38
1316,2011-09-03,48,34,25,42,13,8
1317,2011-09-08,35,29,37,13,6,30
1318,2011-09-10,34,46,14,28,11,16
1319,2011-09-14,16,4,18,27,5,51
1320,2011-09-17,38,17,55,41,24,25
1321,2011-09-21,51,59,47,10,60,53
1322,2011-09-24,55,43,21,10,47,53
1323,2011-09-28,25,37,15,6,48,55
1324,2011-10-01,29,44,51,31,18,57
1325,2011-10-05,35,2,20,43,5,16
1326,2011-10-08,30,19,10,18,50,11
1327,2011-10-13,41,35,36,16,52,54
1328,2011-10-15,43,27,59,53,23,10
1329,2011-10-19,43,50,8,7,39,11
1330,2011-10-22,48,8,21,18,49,30
1331,2011-10-26,24,46,39,57,26,9
1332,2011-10-29,5,13,3,24,35,59
1333,2011-11-03,25,51,26,42,28,33
1334,2011-11-05,8,25,27,6,10,1
1335,2011-11-09,49,3,51,20,22,14
1336,2011-11-12,51,54,32,1,38,47
1337,2011-11-16,38,2,45,35,20,51
1338,2011-11-19,19,33,18,43,60,1
1339,2011-11-23,59,10,16,14,7,54
1340,2011-11-26,36,21,13,59,60,30
1341,2011-11-30,11,40,37,20,1,52
1342,2011-12-03,5,60,46,42,50,7
1343,2011-12-07,51,31,42,20,56,19
1344,2011-12-10,19,42,8,36,21,59
1345,2011-12-14,50,40,26,7,19,17
1346,2011-12-17,59,47,32,48,40,12
1347,2011-12-20,19,45,54,56,46,9
1348,2011-12-22,38,45,39,7,12,56
1349,2011-12-24,9,19,20,50,60,51
1350,2011-12-31,4,36,29,55,45,3
1351,2012-01-04,13,50,41,36,56,33
1352,2012-01-07,35,59,36,9,18,24
1353,2012-01-11,47,11,3,27,32,13
1354,2012-01-14,2,42,8,49,48,38
1355,2012-01-18,39,49,11,24,17,46
1356,2012-01-21,21,46,6,22,13,31
1357,2012-01-25,55,52,26,19,1,24
1358,2012-01-28,16,15,37,3,35,47
1359,2012-02-01,12,17,28,53,6,10
1360,2012-02-04,50,25,17,16,54,2
1361,2012-02-08,37,27,44,30,38,23
1362,2012-02-11,58,19,12,22,2,36
1363,2012-02-15,52,25,42,45,35,57
1364,2012-02-18,20,13,40,10,53,44
1365,2012-02-22,50,35,32,26,2,24
1366,2012-02-25,59,44,54,37,27,12
1367,2012-03-01,38,29,43,13,7,2
1368,2012-03-03,10,26,29,38,32,21
1369,2012-03-07,32,24,16,38,5,46
1370,2012-03-10,2,27,59,49,4,5
1371,2012-03-14,47,11,8,49,3,4
1372,2012-03-17,46,60,58,36,40,3
1373,2012-03-21,52,39,7,27,55,57
1374,2012-03-24,21,33,28,31,43,6
1375,2012-03-28,25,28,53,45,14,58
1376,2012-03-31,53,49,21,11,54,9
1377,2012-04-04,25,5,13,12,35,2
1378,2012-04-07,18,17,59,2,54,5
1379,2012-04-11,45,5,36,12,50,58
1380,2012-04-14,52,14,3,60,57,55
1381,2012-04-18,44,30,27,11,40,57
1382,2012-04-20,17,27,55,13,5,16
1383,2012-04-25,9,55,23,44,7,46
1384,2012-04-28,56,18,31,2,30,45
1385,2012-05-02,42,37,35,27,59,36
1386,2012-05-05,39,56,28,12,51,38
1387,2012-05-09,43,27,18,52,50,32
1388,2012-05-12,54,31,50,43,29,22
1389,2012-05-16,1,44,39,16,57,28
1390,2012-05-19,29,27,19,4,28,31
1391,2012-05-23,19,7,12,34,53,40
1392,2012-05-26,43,8,2,28,33,12
1393,2012-05-30,44,28,18,24,4,39
1394,2012-06-02,11,35,16,46,24,50
1395,2012-06-06,5,44,11,19,17,48
1396,2012-06-09,52,48,54,58,55,29
1397,2012-06-13,15,56,3,27,4,7
1398,2012-06-16,42,51,14,40,32,33
1399,2012-06-20,39,43,60,57,34,56
1400,2012-06-23,34,26,9,43,54,53
1401,2012-06-27,12,11,54,33,48,25
1402,2012-06-30,38,10,27,2,21,9
1403,2012-07-04,16,39,13,26,42,20
1404,2012-07-07,7,32,31,51,27,8
1405,2012-07-11,14,17,32,37,39,3
1406,2012-07-14,7,10,38,17,24,57
1407,2012-07-18,53,42,31,43,29,18
1408,2012-07-21,43,39,20,19,24,4
1409,2012-07-25,50,6,47,58,26,19
1410,2012-07-28,54,29,18,42,40,50
1411,2012-08-01,32,44,12,8,48,46
1412,2012-08-04,6,8,37,24,45,41
1413,2012-08-07,54,33,13,55,45,15
1414,2012-08-09,44,49,57,37,21,46
1415,2012-08-11,51,49,46,40,36,26
1416,2012-08-15,49,3,19,35,22,24
1417,2012-08-18,12,56,5,52,45,59
1418,2012-08-22,7,8,10,27,12,56
1419,2012-08-25,52,21,48,58,30,17
1420,2012-08-29,45,16,18,11,36,2
1421,2012-09-01,31,39,59,19,53,44
1422,2012-09-05,17,44,2,5,13,39
1423,2012-09-08,43,8,21,27,3,25
1424,2012-09-12,60,38,29,3,7,15
1425,2012-09-15,7,29,50,16,38,36
1426,2012-09-19,24,44,6,15,18,30
1427,2012-09-22,47,44,53,56,8,39
1428,2012-09-26,15,55,37,34,19,7
1429,2012-09-29,9,22,60,48,12,39
1430,2012-10-03,19,2,30,46,22,52
1431,2012-10-06,33,54,40,5,9,13
1432,2012-10-10,16,24,25,45,59,42
1433,2012-10-13,14,46,40,13,4,52
1434,2012-10-17,3,34,58,22,18,55
1435,2012-10-20,45,47,50,52,15,4
1436,2012-10-24,1,23,13,30,24,57
1437,2012-10-27,48,37,26,22,38,23
1438,2012-10-31,49,7,33,31,36,14
1439,2012-11-03,35,55,2,43,34,42
1440,2012-11-07,6,28,56,2,36,51
1441,2012-11-10,56,29,53,36,38,17
1442,2012-11-14,12,20,13,49,34,30
1443,2012-11-17,52,32,12,54,20,48
1444,2012-11-21,2,5,55,28,27,48
1445,2012-11-24,41,32,19,58,5,49
1446,2012-11-28,13,32,6,51,40,24
1447,2012-12-01,1,41,28,33,39,19
1448,2012-12-05,25,29,36,1,56,60
1449,2012-12-08,2,18,30,56,52,6
1450,2012-12-12,27,45,44,26,38,31
1451,2012-12-15,57,10,33,2,11,52
1452,2012-12-18,50,57,58,28,2,14
1453,2012-12-20,47,32,25,57,6,13
1454,2012-12-22,27,52,41,29,4,48
1455,2012-12-31,33,14,52,36,32,41
1456,2013-01-02,36,6,40,14,8,26
1457,2013-01-05,34,16,46,15,42,59
1458,2013-01-09,2,16,4,44,33,51
1459,2013-01-12,2,6,35,30,52,34
1460,2013-01-16,50,52,14,4,27,38
1461,2013-01-19,44,31,49,54,36,47
1462,2013-01-23,5,9,25,40,38,27
1463,2013-01-26,40,22,13,29,48,28
1464,2013-01-30,59,2,54,32,24,50
1465,2013-02-02,11,6,53,44,16,26
1466,2013-02-06,4,13,51,37,6,34
1467,2013-02-09,41,53,26,23,52,24
1468,2013-02-13,2,20,37,19,1,10
1469,2013-02-16,4,56,54,13,35,58
1470,2013-02-20,2,34,51,36,38,55
1471,2013-02-23,58,33,36,40,25,10
1472,2013-02-27,12,23,25,18,45,50
1473,2013-03-02,60,12,57,58,33,2
1474,2013-03-06,2,43,11,1,3,28
1475,2013-03-09,13,12,51,37,48,44
1476,2013-03-13,26,10,4,37,47,57
1477,2013-03-16,50,59,56,46,3,4
1478,2013-03-20,10,40,27,47,55,37
1479,2013-03-23,57,21,54,48,50,60
1480,2013-03-27,9,14,26,36,52,21
1481,2013-03-30,40,27,55,17,28,44
1482,2013-04-03,11,9,6,34,41,53
1483,2013-04-06,55,53,1,35,56,39
1484,2013-04-10,49,29,17,53,20,24
1485,2013-04-13,30,59,27,36,4,54
1486,2013-04-17,10,1,34,54,6,40
1487,2013-04-20,4,17,23,28,9,53
1488,2013-04-24,4,51,45,22,38,25
1489,2013-04-27,48,15,24,28,1,26
1490,2013-05-02,31,32,43,3,52,1
1491,2013-05-04,56,6,45,60,26,50
1492,2013-05-08,48,44,46,4,18,9
1493,2013-05-11,30,24,12,49,7,27
1494,2013-05-15,50,28,35,24,2,14
1495,2013-05-18,13,49,4,44,14,57
1496,2013-05-22,28,18,41,54,14,47
1497,2013-05-25,58,7,27,45,4,5
1498,2013-05-29,11,46,27,49,6,40
1499,2013-06-01,26,37,8,22,54,33
1500,2013-06-05,57,43,18,59,10,31
1501,2013-06-08,13,37,54,7,29,1
1502,2013-06-12,6,43,22,52,57,51
1503,2013-06-15,36,22,42,3,16,4
1504,2013-06-19,41,2,42,30,12,10
1505,2013-06-22,32,1,6,9,16,2
1506,2013-06-26,49,34,42,18,3,14
1507,2013-06-29,46,24,51,50,56,52
1508,2013-07-03,58,39,18,17,35,30
1509,2013-07-06,27,51,1,46,59,6
1510,2013-07-10,1,8,44,17,46,53
1511,2013-07-13,8,29,31,4,17,45
1512,2013-07-17,35,11,28,46,42,58
1513,2013-07-20,31,57,17,56,28,58
1514,2013-07-24,23,16,17,59,42,60
1515,2013-07-27,59,49,13,18,4,14
1516,2013-07-31,34,60,18,45,4,20
1517,2013-08-03,45,38,52,17,7,56
1518,2013-08-06,28,8,55,41,48,9
1519,2013-08-08,6,23,56,15,5,59
1520,2013-08-10,36,46,48,31,7,35
1521,2013-08-14,18,30,14,11,33,39
1522,2013-08-17,33,5,23,32,8,56
1523,2013-08-21,25,39,44,41,31,22
1524,2013-08-24,40,53,12,46,2,52
1525,2013-08-28,30,46,35,54,26,2
1526,2013-08-31,51,47,28,10,59,16
1527,2013-09-04,32,44,42,48,16,36
1528,2013-09-06,4,13,58,36,19,15
1529,2013-09-11,35,17,15,34,49,11
1530,2013-09-14,53,10,28,16,48,33
1531,2013-09-18,24,41,12,42,44,13
1532,2013-09-21,42,2,11,23,31,44
1533,2013-09-25,29,21,47,57,13,34
1534,2013-09-28,28,12,34,29,1,48
1535,2013-10-02,55,25,9,8,54,41
1536,2013-10-05,18,32,29,13,50,58
1537,2013-10-09,6,56,33,50,51,10
1538,2013-10-11,35,52,27,53,57,23
1539,2013-10-16,10,49,8,58,20,26
1540,2013-10-19,54,47,27,17,3,32
1541,2013-10-23,37,5,24,44,49,58
1542,2013-10-26,7,12,57,11,30,39
1543,2013-10-30,30,7,23,20,15,41
1544,2013-11-01,30,50,45,2,35,21
1545,2013-11-06,6,48,11,45,4,24
1546,2013-11-09,38,44,17,60,4,53
1547,2013-11-13,28,21,9,10,2,18
1548,2013-11-16,44,41,42,54,47,19
1549,2013-11-20,32,53,16,20,12,10
1550,2013-11-23,21,56,36,9,13,27
1551,2013-11-27,2,23,38,15,21,19
1552,2013-11-30,7,18,26,46,39,24
1553,2013-12-04,29,21,20,46,22,60
1554,2013-12-07,30,52,50,49,53,32
1555,2013-12-11,5,52,59,2,33,23
1556,2013-12-14,7,52,11,10,1,4
1557,2013-12-17,46,18,16,45,31,4
1558,2013-12-19,31,42,15,7,17,54
1559,2013-12-21,37,58,12,29,8,16
1560,2013-12-31,30,47,53,38,20,36
1561,2014-01-02,28,26,54,55,23,60
1562,2014-01-04,12,10,51,37,23,47
1563,2014-01-09,43,36,1,20,13,6
1564,2014-01-11,54,44,38,25,46,53
1565,2014-01-15,43,41,37,51,18,39
1566,2014-01-18,11,32,60,5,6,36
1567,2014-01-22,53,38,30,2,15,48
1568,2014-01-25,28,58,19,24,42,25
1569,2014-01-29,42,15,18,31,5,53
1570,2014-02-01,18,46,42,15,56,24
1571,2014-02-05,46,60,55,32,3,29
1572,2014-02-08,46,42,27,45,20,47
1573,2014-02-12,7,16,36,35,38,21
1574,2014-02-15,6,28,33,48,46,27
1575,2014-02-19,1,5,4,45,14,56
1576,2014-02-22,26,30,21,15,13,46
1577,2014-02-26,25,32,11,59,51,14
1578,2014-03-01,6,53,56,30,37,3
1579,2014-03-05,34,25,40,51,60,49
1580,2014-03-08,1,6,14,17,33,36
1581,2014-03-12,31,34,15,14,25,30
1582,2014-03-15,4,17,1,48,13,38
1583,2014-03-19,18,2,9,47,17,45
1584,2014-03-22,27,54,28,50,22,3
1585,2014-03-26,55,47,43,48,49,2
1586,2014-03-29,47,58,8,43,39,46
1587,2014-04-02,8,21,19,30,52,56
1588,2014-04-05,36,29,23,49,32,45
1589,2014-04-09,11,41,51,5,19,4
1590,2014-04-12,40,7,44,55,34,20
1591,2014-04-16,4,23,55,10,38,33
1592,2014-04-19,41,49,36,42,31,38
1593,2014-04-23,4,17,38,9,18,21
1594,2014-04-26,53,43,23,6,7,8
1595,2014-04-30,59,5,42,8,46,2
1596,2014-05-03,5,12,1,7,45,10
1597,2014-05-07,16,52,5,44,10,50
1598,2014-05-10,36,47,42,29,53,31
1599,2014-05-14,35,10,15,58,36,3
1600,2014-05-17,9,46,23,32,35,57
1601,2014-05-21,60,24,56,45,10,8
1602,2014-05-24,8,44,40,35,22,12
1603,2014-05-28,13,53,20,31,60,27
1604,2014-05-31,21,40,51,27,24,2
1605,2014-06-04,42,30,9,19,31,21
1606,2014-06-07,54,1,15,37,46,42
1607,2014-06-11,32,41,51,7,31,52
1608,2014-06-14,6,43,17,5,54,59
1609,2014-06-18,2,26,6,13,53,60
1610,2014-06-21,36,53,35,9,1,4
1611,2014-06-25,24,51,50,28,58,47
1612,2014-06-28,17,51,36,6,42,13
1613,2014-07-02,31,18,4,46,44,49
1614,2014-07-05,49,27,43,17,14,21
1615,2014-07-09,26,20,5,44,33,31
1616,2014-07-12,46,40,58,31,28,42
1617,2014-07-16,23,31,47,54,3,26
1618,2014-07-19,9,51,20,24,52,43
1619,2014-07-23,46,17,5,42,47,8
1620,2014-07-26,57,23,38,13,34,27
1621,2014-07-30,24,22,38,49,10,39
1622,2014-08-02,21,7,5,53,45,4
1623,2014-08-05,33,56,59,43,50,49
1624,2014-08-07,32,2,27,47,58,41
1625,2014-08-09,45,11,22,52,36,40
1626,2014-08-13,3,52,5,43,35,14
1627,2014-08-16,26,57,20,32,45,41
1628,2014-08-20,38,26,60,34,29,50
1629,2014-08-23,47,20,35,4,59,24
1630,2014-08-27,30,43,7,44,1,54
1631,2014-08-30,47,48,44,60,4,29
1632,2014-09-03,18,56,27,6,24,59
1633,2014-09-06,2,11,49,13,36,1
1634,2014-09-10,44,9,33,10,23,51
1635,2014-09-13,30,32,51,8,28,23
1636,2014-09-17,33,19,52,51,35,26
1637,2014-09-20,5,56,24,55,1,47
1638,2014-09-24,38,2,42,58,41,1
1639,2014-09-27,35,51,34,49,16,29
1640,2014-10-01,6,18,46,23,31,2
1641,2014-10-04,51,30,29,33,46,23
1642,2014-10-08,47,3,43,42,60,23
1643,2014-10-11,19,20,16,60,28,37
1644,2014-10-15,10,16,34,13,60,22
1645,2014-10-18,31,37,21,38,8,18
1646,2014-10-22,34,23,41,19,40,58
1647,2014-10-25,38,54,23,12,17,53
1648,2014-10-29,48,18,15,22,20,16
1649,2014-11-01,54,33,24,44,38,42
1650,2014-11-05,23,57,29,17,60,38
1651,2014-11-08,27,44,8,35,38,41
1652,2014-11-12,44,28,24,57,7,26
1653,2014-11-14,45,22,27,21,1,32
1654,2014-11-19,50,33,42,7,58,16
1655,2014-11-22,56,46,7,24,28,53
1656,2014-11-26,6,4,43,54,56,11
1657,2014-11-29,10,54,37,45,14,7
1658,2014-12-03,7,40,19,49,11,23
1659,2014-12-06,20,33,37,49,4,10
1660,2014-12-10,17,38,42,51,34,8
1661,2014-12-13,16,48,43,27,58,13
1662,2014-12-17,57,10,25,14,33,29
1663,2014-12-20,20,27,49,40,55,18
1664,2014-12-24,48,8,21,36,23,29
1665,2014-12-31,20,11,16,1,56,5
1666,2015-01-03,51,27,1,23,45,2
1667,2015-01-07,51,24,56,7,12,44
1668,2015-01-10,47,40,55,57,52,5
1669,2015-01-14,29,28,31,48,45,49
1670,2015-01-17,1,33,30,17,47,19
1671,2015-01-21,21,31,56,55,45,27
1672,2015-01-24,20,10,1,5,42,3
1673,2015-01-28,35,10,47,5,24,23
1674,2015-01-31,42,59,30,58,50,22
1675,2015-02-04,36,3,35,56,18,34
1676,2015-02-07,2,1,37,51,48,11
1677,2015-02-11,52,33,15,28,51,10
1678,2015-02-14,35,52,17,19,9,11
1679,2015-02-18,28,2,1,46,27,47
1680,2015-02-21,37,46,47,51,23,38
1681,2015-02-25,1,33,8,11,6,50
1682,2015-02-28,13,39,51,37,35,7
1683,2015-03-04,48,4,12,34,32,33
1684,2015-03-07,9,12,31,50,18,39
1685,2015-03-11,39,46,18,51,31,3
1686,2015-03-14,44,37,9,55,14,46
1687,2015-03-18,15,58,24,37,46,49
1688,2015-03-21,18,23,42,56,32,30
1689,2015-03-25,41,2,53,5,13,27
1690,2015-03-28,24,45,53,35,26,21
1691,2015-04-01,39,45,58,10,1,24
1692,2015-04-04,44,56,13,14,27,11
1693,2015-04-08,19,18,38,5,21,15
1694,2015-04-11,34,29,20,37,57,45
1695,2015-04-15,36,43,38,24,58,44
1696,2015-04-18,12,1,31,37,17,46
1697,2015-04-22,8,30,23,51,53,58
1698,2015-04-25,24,44,28,13,45,11
1699,2015-04-29,1,10,30,33,38,6
1700,2015-05-02,58,41,48,50,15,18
1701,2015-05-05,9,3,18,40,32,56
1702,2015-05-07,39,52,17,35,19,33
1703,2015-05-09,49,3,35,39,23,26
1704,2015-05-13,11,7,59,51,32,1
1705,2015-05-16,50,37,51,27,29,25
1706,2015-05-20,12,31,34,48,36,56
1707,2015-05-23,36,27,20,7,16,52
1708,2015-05-27,38,50,29,45,17,32
1709,2015-05-30,30,7,47,35,19,42
1710,2015-06-03,59,56,7,28,21,58
1711,2015-06-06,38,22,50,45,26,39
1712,2015-06-10,50,19,59,2,29,12
1713,2015-06-13,3,29,10,16,23,27
1714,2015-06-17,51,2,24,52,36,8
1715,2015-06-20,20,16,35,40,60,53
1716,2015-06-24,25,36,2,53,42,41
1717,2015-06-27,9,58,16,44,2,37
1718,2015-07-01,30,53,4,31,47,32
1719,2015-07-04,44,22,31,54,34,1
1720,2015-07-07,49,39,18,31,57,23
1721,2015-07-09,12,33,4,38,36,19
1722,2015-07-11,41,39,9,49,23,58
1723,2015-07-15,27,60,30,14,46,52
1724,2015-07-18,27,39,37,58,60,33
1725,2015-07-22,26,31,30,18,16,34
1726,2015-07-25,42,54,57,3,49,10
1727,2015-07-29,4,6,41,40,19,20
1728,2015-08-01,28,39,8,59,42,3
1729,2015-08-04,53,14,44,7,23,43
1730,2015-08-06,1,24,10,17,42,51
1731,2015-08-08,59,49,43,5,27,18
1732,2015-08-12,25,60,34,53,45,38
1733,2015-08-15,5,9,41,14,3,46
1734,2015-08-19,52,29,17,41,12,25
1735,2015-08-22,46,16,33,45,34,6
1736,2015-08-26,13,32,12,41,24,29
1737,2015-08-29,59,5,51,42,50,8
1738,2015-09-02,53,46,28,48,37,12
1739,2015-09-05,34,17,9,46,10,32
1740,2015-09-09,38,15,47,25,10,53
1741,2015-09-12,49,18,20,32,15,48
1742,2015-09-16,23,27,21,19,52,11
1743,2015-09-19,34,31,29,4,10,35
1744,2015-09-23,12,9,56,29,14,42
1745,2015-09-26,13,47,60,18,52,9
1746,2015-09-30,37,40,6,58,41,18
1747,2015-10-03,53,34,59,33,48,6
1748,2015-10-07,2,53,13,49,10,41
1749,2015-10-10,33,13,14,3,43,29
1750,2015-10-13,17,41,48,15,20,31
1751,2015-10-15,42,22,51,23,57,15
1752,2015-10-17,36,53,55,37,60,9
1753,2015-10-21,54,8,45,29,35,15
1754,2015-10-24,20,31,40,30,27,53
1755,2015-10-28,48,5,30,18,8,2
1756,2015-10-31,28,13,6,14,45,35
1757,2015-11-04,43,13,28,56,37,25
1758,2015-11-07,6,23,16,11,42,36
1759,2015-11-10,2,14,21,60,22,51
1760,2015-11-13,25,10,24,47,48,36
1761,2015-11-14,53,36,10,9,50,55
1762,2015-11-18,45,59,42,55,32,26
1763,2015-11-21,21,9,15,36,12,31
1764,2015-11-25,6,7,41,39,29,55
1765,2015-11-28,1,28,56,37,6,58
1766,2015-12-02,60,23,22,46,53,41
1767,2015-12-05,44,26,39,35,16,45
1768,2015-12-09,35,11,7,50,34,5
1769,2015-12-12,32,44,54,60,47,37
1770,2015-12-16,34,30,41,11,27,26
1771,2015-12-19,38,2,27,28,32,20
1772,2015-12-22,27,39,19,41,12,45
1773,2015-12-24,45,41,39,30,15,59
1774,2015-12-26,1,52,30,60,20,12
1775,2015-12-31,31,2,51,42,18,56
1776,2016-01-02,39,11,48,14,19,10
1777,2016-01-06,55,4,44,38,19,52
1778,2016-01-09,4,38,48,10,45,40
1779,2016-01-12,25,56,30,12,39,57
1780,2016-01-14,20,6,33,22,31,34
1781,2016-01-16,22,8,52,1,53,49
1782,2016-01-20,34,57,47,18,6,52
1783,2016-01-23,38,16,21,4,18,6
1784,2016-01-27,30,15,54,55,26,4
1785,2016-01-30,27,5,42,54,41,11
1786,2016-02-02,34,8,2,21,25,6
1787,2016-02-04,1,29,13,25,5,26
1788,2016-02-06,42,45,56,13,3,59
1789,2016-02-10,57,59,6,25,43,58
1790,2016-02-13,28,13,11,26,50,27
1791,2016-02-17,55,12,50,18,53,46
1792,2016-02-20,47,41,18,17,2,16
1793,2016-02-24,56,13,22,54,14,58
1794,2016-02-27,1,5,37,60,34,40
1795,2016-03-02,55,50,42,58,47,30
1796,2016-03-05,54,22,48,34,23,53
1797,2016-03-08,2,57,35,13,54,14
1798,2016-03-10,9,28,45,2,23,53
1799,2016-03-12,53,1,3,4,51,39
1800,2016-03-16,31,56,16,6,11,19
1801,2016-03-19,19,45,43,6,54,34
1802,2016-03-23,6,14,2,17,44,13
1803,2016-03-26,4,29,8,49,38,50
1804,2016-03-30,20,50,48,59,28,21
1805,2016-04-02,17,49,27,22,57,31
1806,2016-04-06,11,42,55,58,35,20
1807,2016-04-09,43,15,22,1,16,25
1808,2016-04-13,20,25,45,2,41,14
1809,2016-04-16,23,12,54,46,9,24
1810,2016-04-20,56,10,43,50,1,25
1811,2016-04-23,32,37,5,35,17,57
1812,2016-04-27,45,34,23,20,37,32
1813,2016-04-30,51,9,13,15,19,11
1814,2016-05-03,53,51,27,11,46,9
1815,2016-05-05,60,8,25,39,41,11
1816,2016-05-07,12,10,46,28,22,5
1817,2016-05-11,47,1,26,55,39,4
1818,2016-05-14,10,53,15,2,6,56
1819,2016-05-18,37,26,18,30,33,17
1820,2016-05-21,27,19,23,3,45,40
1821,2016-05-25,53,31,19,52,36,22
1822,2016-05-28,22,53,26,1,43,50
1823,2016-06-01,54,34,59,21,9,4
1824,2016-06-04,19,30,60,12,6,5
1825,2016-06-07,21,54,10,50,51,11
1826,2016-06-09,43,48,32,19,17,51
1827,2016-06-11,43,33,53,26,54,42
1828,2016-06-15,40,32,11,6,59,48
1829,2016-06-18,53,32,30,7,24,13
1830,2016-06-22,29,3,54,7,37,60
1831,2016-06-25,55,15,48,32,28,27
1832,2016-06-29,34,47,57,56,14,46
1833,2016-07-02,2,42,3,27,16,7
1834,2016-07-06,2,22,51,24,48,17
1835,2016-07-09,50,36,8,28,47,58
1836,2016-07-12,59,18,45,60,8,15
1837,2016-07-14,41,48,57,50,44,54
1838,2016-07-16,59,24,30,8,57,5
1839,2016-07-20,28,32,22,56,58,7
1840,2016-07-23,33,41,48,15,17,47
1841,2016-07-27,6,51,13,38,49,3
1842,2016-07-30,18,43,22,24,16,34
1843,2016-08-03,28,26,33,41,8,54
1844,2016-08-06,4,3,37,39,48,50
1845,2016-08-09,9,3,29,13,30,51
1846,2016-08-11,49,26,30,34,24,6
1847,2016-08-13,45,1,57,49,50,6
1848,2016-08-17,58,41,50,40,9,55
1849,2016-08-20,35,27,3,11,44,5
1850,2016-08-24,24,32,23,40,41,38
1851,2016-08-27,35,22,8,37,21,18
1852,2016-08-31,29,13,49,50,45,17
1853,2016-09-03,2,41,39,1,34,45
1854,2016-09-08,59,30,43,31,34,25
1855,2016-09-10,6,38,24,39,15,10
1856,2016-09-14,14,9,2,32,22,37
1857,2016-09-17,53,35,52,25,23,13
1858,2016-09-20,55,30,28,59,33,22
1859,2016-09-22,13,26,1,21,14,51
1860,2016-09-24,10,40,30,44,36,60
1861,2016-09-28,45,9,60,2,35,4
1862,2016-10-01,8,49,35,42,56,2
1863,2016-10-05,23,45,16,58,59,56
1864,2016-10-08,5,4,37,40,60,14
1865,2016-10-13,42,5,32,37,1,31
1866,2016-10-15,14,36,60,38,17,44
1867,2016-10-18,3,43,21,17,22,10
1868,2016-10-20,25,5,31,1,28,23
1869,2016-10-22,11,26,24,52,40,23
1870,2016-10-26,30,40,33,18,20,32
1871,2016-10-29,17,58,33,52,11,3
1872,2016-11-03,39,11,56,46,13,25
1873,2016-11-05,25,5,53,28,41,54
1874,2016-11-08,43,28,10,37,47,44
1875,2016-11-10,53,45,47,1,52,55
1876,2016-11-12,7,18,51,41,44,39
1877,2016-11-16,35,13,32,16,24,23
1878,2016-11-19,56,26,40,16,57,12
1879,2016-11-23,20,58,10,59,57,5
1880,2016-11-26,19,51,56,16,5,37
1881,2016-11-30,30,10,53,44,3,56
1882,2016-12-03,41,35,37,10,19,9
1883,2016-12-07,28,59,16,47,27,60
1884,2016-12-10,38,1,32,4,23,59
1885,2016-12-14,59,7,18,23,32,14
1886,2016-12-17,7,40,54,15,3,45
1887,2016-12-20,23,56,41,46,34,11
1888,2016-12-22,48,1,18,45,17,10
1889,2016-12-24,30,25,23,44,28,16
1890,2016-12-31,5,24,51,22,11,53
1891,2017-01-04,47,1,3,19,23,58
1892,2017-01-07,50,22,6,37,30,17
1893,2017-01-11,17,58,45,19,28,16
1894,2017-01-14,31,35,57,54,21,53
1895,2017-01-18,3,5,2,34,10,15
1896,2017-01-21,25,6,14,21,3,15
1897,2017-01-25,52,9,58,47,22,25
1898,2017-01-28,53,12,58,55,34,45
1899,2017-02-01,48,35,44,23,36,20
1900,2017-02-04,46,11,8,43,28,27
1901,2017-02-08,30,53,26,11,37,12
1902,2017-02-11,25,18,2,21,9,7
1903,2017-02-15,9,43,10,15,45,28
1904,2017-02-18,21,18,56,15,51,12
1905,2017-02-21,43,54,29,57,35,56
1906,2017-02-23,27,40,33,6,39,60
1907,2017-02-25,3,48,44,35,25,38
1908,2017-03-01,10,27,57,13,23,4
1909,2017-03-04,47,43,45,40,57,11
1910,2017-03-08,9,6,39,15,22,48
1911,2017-03-11,32,16,33,23,18,30
1912,2017-03-15,42,10,33,36,13,35
1913,2017-03-18,14,56,52,17,4,43
1914,2017-03-22,39,33,29,16,44,42
1915,2017-03-25,57,21,2,33,20,48
1916,2017-03-29,3,50,18,23,9,52
1917,2017-04-01,4,36,25,21,46,33
1918,2017-04-05,22,17,50,38,20,16
1919,2017-04-08,60,28,54,37,45,11
1920,2017-04-12,39,45,31,25,43,33
1921,2017-04-15,19,10,16,15,28,35
1922,2017-04-19,20,41,22,36,43,38
1923,2017-04-22,46,34,59,45,9,42
1924,2017-04-26,16,52,53,58,30,12
1925,2017-04-29,47,43,38,1,17,45
1926,2017-05-03,46,3,2,30,14,20
1927,2017-05-06,11,5,30,31,13,19
1928,2017-05-09,28,51,59,26,53,10
1929,2017-05-11,10,52,23,36,3,43
1930,2017-05-13,17,56,37,52,18,4
1931,2017-05-17,34,8,2,15,9,22
1932,2017-05-20,55,21,16,44,29,10
1933,2017-05-24,15,19,35,59,14,2
1934,2017-05-27,56,39,35,8,23,59
1935,2017-05-31,24,17,10,1,3,23
1936,2017-06-03,51,40,52,24,12,3
1937,2017-06-07,10,29,24,43,6,55
1938,2017-06-10,10,54,42,16,40,32
1939,2017-06-14,39,29,24,52,7,45
1940,2017-06-17,36,16,9,47,13,17
1941,2017-06-21,38,1,9,48,49,24
1942,2017-06-24,48,20,43,18,6,24
1943,2017-06-28,43,11,39,9,30,12
1944,2017-07-01,8,57,47,39,9,59
1945,2017-07-04,8,54,21,10,45,4
1946,2017-07-06,6,39,4,44,52,60
1947,2017-07-08,52,59,55,40,8,33
1948,2017-07-12,28,33,20,24,57,12
1949,2017-07-15,30,1,14,56,22,6
1950,2017-07-19,32,21,10,48,34,57
1951,2017-07-22,55,14,16,21,33,19
1952,2017-07-26,9,21,53,36,52,38
1953,2017-07-29,45,29,42,9,43,26
1954,2017-08-02,40,9,49,25,35,33
1955,2017-08-05,15,41,45,33,36,27
1956,2017-08-08,20,40,28,5,8,45
1957,2017-08-10,23,47,29,2,14,22
1958,2017-08-12,55,34,22,20,24,15
1959,2017-08-16,56,43,21,8,27,35
1960,2017-08-19,43,39,18,25,37,1
1961,2017-08-23,50,30,25,17,32,26
1962,2017-08-26,39,5,6,53,15,25
1963,2017-08-30,34,60,5,4,7,42
1964,2017-09-02,32,27,48,36,2,50
1965,2017-09-06,28,26,55,38,48,35
1966,2017-09-09,19,10,32,60,13,40
1967,2017-09-13,32,39,13,54,30,46
1968,2017-09-16,35,48,44,39,36,52
1969,2017-09-19,30,59,20,32,8,48
1970,2017-09-21,10,18,24,5,39,52
1971,2017-09-23,54,10,52,41,44,4
1972,2017-09-27,20,9,59,54,16,57
1973,2017-09-30,17,16,60,12,52,1
1974,2017-10-04,19,57,38,54,4,27
1975,2017-10-07,8,24,47,26,11,57
1976,2017-10-11,52,14,19,12,59,25
1977,2017-10-14,28,3,32,34,37,16
1978,2017-10-17,6,2,57,22,55,44
1979,2017-10-19,38,23,45,32,29,22
1980,2017-10-21,18,16,12,34,37,17
1981,2017-10-25,15,6,39,19,37,53
1982,2017-10-28,46,24,20,4,50,14
1983,2017-11-01,14,22,6,5,10,36
1984,2017-11-04,43,32,21,50,35,29
1985,2017-11-07,9,36,29,28,34,55
1986,2017-11-09,55,23,44,43,36,56
1987,2017-11-11,10,58,14,45,31,34
1988,2017-11-16,5,39,10,54,46,42
1989,2017-11-18,40,58,30,32,15,22
1990,2017-11-22,37,26,11,24,59,34
1991,2017-11-25,19,34,44,36,20,28
1992,2017-11-29,21,11,13,53,54,5
1993,2017-12-02,50,57,48,17,6,33
1994,2017-12-06,44,5,32,2,12,40
1995,2017-12-09,14,37,39,26,35,29
1996,2017-12-13,56,21,20,7,40,24
1997,2017-12-16,14,7,35,1,31,46
1998,2017-12-19,57,21,24,52,25,8
1999,2017-12-21,42,38,49,15,50,37
2000,2017-12-31,6,37,34,10,3,17
2001,2018-01-03,22,20,52,60,42,36
2002,2018-01-06,59,46,28,38,4,30
2003,2018-01-10,40,50,43,28,51,34
2004,2018-01-13,45,35,1,23,5,14
2005,2018-01-17,22,19,33,11,53,34
2006,2018-01-20,20,9,1,14,54,25
2007,2018-01-24,41,14,54,4,39,58
2008,2018-01-27,27,22,58,33,59,42
2009,2018-01-31,1,48,50,44,37,46
2010,2018-02-03,18,56,8,34,39,10
2011,2018-02-06,28,35,58,54,2,32
2012,2018-02-08,11,51,36,8,35,27
2013,2018-02-10,6,36,53,30,56,23
2014,2018-02-14,46,32,16,56,40,53
2015,2018-02-17,18,58,32,39,27,17
2016,2018-02-21,11,17,48,18,4,21
2017,2018-02-24,56,10,11,2,38,24
2018,2018-02-28,55,11,27,22,25,59
2019,2018-03-03,41,46,54,59,23,52
2020,2018-03-07,2,46,57,60,48,36
2021,2018-03-10,32,37,40,60,7,14
2022,2018-03-14,28,60,52,45,4,48
2023,2018-03-17,23,56,8,7,1,6
2024,2018-03-21,29,16,20,35,47,23
2025,2018-03-24,52,56,4,24,46,55
2026,2018-03-28,51,33,23,52,31,10
2027,2018-03-31,11,15,39,37,29,44
2028,2018-04-04,7,42,58,36,24,11
2029,2018-04-07,15,37,18,33,40,6
2030,2018-04-11,38,4,58,40,27,59
2031,2018-04-14,23,39,18,55,50,37
2032,2018-04-17,19,39,20,53,14,6
2033,2018-04-20,40,10,18,33,38,43
2034,2018-04-25,7,56,22,13,6,17
2035,2018-04-28,52,35,49,30,38,36
2036,2018-05-02,23,58,8,19,27,7
2037,2018-05-05,60,30,14,45,23,16
2038,2018-05-08,26,35,40,25,6,38
2039,2018-05-10,28,22,6,31,44,12
2040,2018-05-12,56,58,54,6,41,9
2041,2018-05-16,10,12,54,42,22,25
2042,2018-05-19,33,32,22,29,35,14
2043,2018-05-23,53,58,21,38,57,56
2044,2018-05-26,14,7,60,54,47,56
2045,2018-05-30,27,46,15,25,50,45
2046,2018-06-02,27,11,6,28,46,3
2047,2018-06-06,18,19,44,54,1,29
2048,2018-06-09,10,39,38,35,26,19
2049,2018-06-13,19,10,27,31,51,53
2050,2018-06-16,33,50,38,32,8,31
2051,2018-06-20,37,5,44,1,53,6
2052,2018-06-23,57,50,56,51,58,59
2053,2018-06-27,12,27,40,37,22,55
2054,2018-06-30,39,4,7,12,26,22
2055,2018-07-03,53,43,46,25,35,6
2056,2018-07-05,29,47,22,36,34,18
2057,2018-07-07,37,38,20,13,10,54
2058,2018-07-11,19,4,23,29,59,56
2059,2018-07-14,5,4,36,56,40,44
2060,2018-07-18,11,39,41,9,25,8
2061,2018-07-21,33,45,44,40,36,54
2062,2018-07-25,8,15,34,25,10,23
2063,2018-07-28,10,19,29,24,6,25
2064,2018-08-01,55,53,14,10,36,60
2065,2018-08-04,4,11,43,20,30,37
2066,2018-08-08,27,55,35,6,25,45
2067,2018-08-11,59,2,11,32,26,13
2068,2018-08-14,5,47,40,9,42,3
2069,2018-08-16,40,3,48,17,34,35
2070,2018-08-18,5,26,42,27,48,34
2071,2018-08-22,35,46,34,60,24,33
2072,2018-08-25,22,13,10,20,12,54
2073,2018-08-29,55,12,15,30,52,18
2074,2018-09-01,42,8,18,37,58,23
2075,2018-09-05,59,23,33,57,9,7
2076,2018-09-08,6,15,43,5,12,22
2077,2018-09-12,37,13,16,26,39,35
2078,2018-09-15,30,36,2,11,39,15
2079,2018-09-18,55,37,58,14,2,1
2080,2018-09-20,58,55,46,22,40,10
2081,2018-09-22,40,42,13,18,35,41
2082,2018-09-26,25,33,42,49,6,48
2083,2018-09-29,56,33,1,19,18,60
2084,2018-10-03,20,37,26,7,39,38
2085,2018-10-06,25,49,12,21,38,37
2086,2018-10-10,4,53,35,43,47,46
2087,2018-10-13,19,18,53,34,2,23
2088,2018-10-17,24,3,27,38,14,56
2089,2018-10-20,38,48,5,49,10,32
2090,2018-10-23,11,8,18,40,37,51
2091,2018-10-25,12,11,10,59,38,37
2092,2018-10-27,13,17,27,11,15,22
2093,2018-10-31,54,34,52,8,14,27
2094,2018-11-03,4,33,16,44,19,31
2095,2018-11-07,49,29,56,43,35,16
2096,2018-11-10,11,51,6,24,13,19
2097,2018-11-14,51,28,24,49,9,45
2098,2018-11-17,2,38,27,60,18,8
2099,2018-11-21,30,15,5,58,20,27
2100,2018-11-24,1,35,13,11,10,49
2101,2018-11-28,58,56,18,8,2,37
2102,2018-12-01,6,4,17,57,34,51
2103,2018-12-04,13,40,50,46,3,44
2104,2018-12-06,12,45,10,56,2,27
2105,2018-12-08,16,46,13,11,24,31
2106,2018-12-12,27,3,39,40,36,43
2107,2018-12-15,50,44,60,38,56,8
2108,2018-12-18,44,59,29,19,41,22
2109,2018-12-20,4,16,44,49,12,34
2110,2018-12-31,25,33,10,12,18,5
2111,2019-01-02,54,41,1,46,58,44
2112,2019-01-05,17,46,43,53,52,39
2113,2019-01-09,11,21,46,14,25,50
2114,2019-01-12,35,17,30,25,42,57
2115,2019-01-15,19,40,35,44,27,4
2116,2019-01-17,21,19,1,9,34,54
2117,2019-01-19,28,43,4,29,52,30
2118,2019-01-23,41,11,12,46,20,40
2119,2019-01-26,42,49,26,31,19,21
2120,2019-01-30,38,41,20,24,25,13
2121,2019-02-02,37,8,17,29,10,40
2122,2019-02-06,27,21,3,11,15,49
2123,2019-02-09,47,59,14,56,50,15
2124,2019-02-13,31,20,47,43,2,11
2125,2019-02-16,44,1,31,53,46,58
2126,2019-02-20,58,39,27,7,24,12
2127,2019-02-23,7,46,28,30,44,1
2128,2019-02-26,24,55,46,16,11,54
2129,2019-02-28,60,46,12,6,32,31
2130,2019-03-02,13,53,16,36,55,54
2131,2019-03-06,28,18,20,6,2,3
2132,2019-03-09,5,60,18,39,35,30
2133,2019-03-13,26,20,19,51,52,57
2134,2019-03-16,54,6,46,21,59,34
2135,2019-03-20,23,48,59,28,40,9
2136,2019-03-23,35,22,11,1,30,8
2137,2019-03-27,2,1,49,11,12,34
2138,2019-03-30,30,34,4,21,13,14
2139,2019-04-03,58,29,23,41,14,57
2140,2019-04-06,20,54,36,17,42,26
2141,2019-04-10,10,19,11,37,41,17
2142,2019-04-13,44,50,52,57,7,40
